<?xml version="1.0" encoding="UTF-8" ?>
<!-- Generated by Oracle SOA Modeler version 1.0 at [8/21/12 3:50 PM]. -->
<composite name="HelloWorld"
           revision="1.0"
           label="2012-08-21_15-50-55_895"
           mode="active"
           state="off"
           xmlns="http://xmlns.oracle.com/sca/1.0"
           xmlns:xs="http://www.w3.org/2001/XMLSchema"
           xmlns:wsp="http://schemas.xmlsoap.org/ws/2004/09/policy"
           xmlns:orawsp="http://schemas.oracle.com/ws/2006/01/policy"
           xmlns:ui="http://xmlns.oracle.com/soa/designer/">
  <import namespace="http://xmlns.oracle.com/Application1/HelloWorld/HelloWorld_BPEL"
          location="HelloWorld_BPEL.wsdl" importType="wsdl"/>
  <service name="helloworld_bpel_client_ep"
           ui:wsdlLocation="HelloWorld_BPEL.wsdl">
    <interface.wsdl interface="http://xmlns.oracle.com/Application1/HelloWorld/HelloWorld_BPEL#wsdl.interface(HelloWorld_BPEL)"/>
    <binding.ws port="http://xmlns.oracle.com/Application1/HelloWorld/HelloWorld_BPEL#wsdl.endpoint(helloworld_bpel_client_ep/HelloWorld_BPEL_pt)"/>
  </service>
  <component name="HelloWorld_BPEL" version="2.0">
    <implementation.bpel src="HelloWorld_BPEL.bpel"/>
    <property name="bpel.config.transaction" type="xs:string" many="false">required</property>
  </component>
  <wire>
    <source.uri>helloworld_bpel_client_ep</source.uri>
    <target.uri>HelloWorld_BPEL/helloworld_bpel_client</target.uri>
  </wire>
</composite>
