<?xml version="1.0" encoding="UTF-8" ?>
<!-- Generated by Oracle SOA Modeler version 11.1.1.7.0 at [4/11/13 12:22 PM]. -->
<composite name="CallHelloWorld"
           revision="1.1"
           label="2013-04-11_12-22-56_153"
           mode="active"
           state="on"
           xmlns="http://xmlns.oracle.com/sca/1.0"
           xmlns:xs="http://www.w3.org/2001/XMLSchema"
           xmlns:wsp="http://schemas.xmlsoap.org/ws/2004/09/policy"
           xmlns:orawsp="http://schemas.oracle.com/ws/2006/01/policy"
           xmlns:ui="http://xmlns.oracle.com/soa/designer/">
  <import namespace="http://xmlns.oracle.com/HelloWorld/CallHelloWorld/CallHelloWorld"
          location="CallHelloWorld.wsdl" importType="wsdl"/>
  <import namespace="http://xmlns.oracle.com/HelloWorld/HelloWorld/HelloWorld"
          location="oramds:/apps/hello/wsdl/HelloWorld.wsdl"
          importType="wsdl"/>
  <service name="callhelloworld_client_ep"
           ui:wsdlLocation="CallHelloWorld.wsdl">
    <interface.wsdl interface="http://xmlns.oracle.com/HelloWorld/CallHelloWorld/CallHelloWorld#wsdl.interface(CallHelloWorld)"/>
    <binding.ws port="http://xmlns.oracle.com/HelloWorld/CallHelloWorld/CallHelloWorld#wsdl.endpoint(callhelloworld_client_ep/CallHelloWorld_pt)"/>
  </service>
  <property name="productVersion" type="xs:string" many="false">11.1.1.7.0</property>
  <component name="CallHelloWorld" version="2.0">
    <implementation.bpel src="CallHelloWorld.bpel"/>
    <property name="bpel.config.transaction" type="xs:string" many="false">required</property>
    <property name="bpel.config.oneWayDeliveryPolicy" type="xs:string"
              many="false">async.persist</property>
  </component>
  <reference name="HelloWorld"
             ui:wsdlLocation="oramds:/apps/hello/wsdl/HelloWorld.wsdl">
    <interface.wsdl interface="http://xmlns.oracle.com/HelloWorld/HelloWorld/HelloWorld#wsdl.interface(HelloWorld)"/>
    <binding.ws port="http://xmlns.oracle.com/HelloWorld/HelloWorld/HelloWorld#wsdl.endpoint(helloworld_client_ep/HelloWorld_pt)"
                location="${serverURL}/soa-infra/services/default/HelloWorld/helloworld_client_ep?WSDL"
                supports="" soapVersion="1.1">
      <property name="weblogic.wsee.wsat.transaction.flowOption"
                type="xs:string" many="false">WSDLDriven</property>
    </binding.ws>
  </reference>
  <wire>
    <source.uri>callhelloworld_client_ep</source.uri>
    <target.uri>CallHelloWorld/callhelloworld_client</target.uri>
  </wire>
  <wire>
    <source.uri>CallHelloWorld/HelloWorld</source.uri>
    <target.uri>HelloWorld</target.uri>
  </wire>
</composite>
