<?xml version="1.0" encoding="UTF-8"?>
<dgm:gDiagram xmlns:dgm="http://xmlns.oracle.com/sca/soadgm">
    <dgm:gService name="SampleCase.service">
        <dgm:body borderWidth="2" arcRad="20" X="21" Y="156" width="137" height="168">
            <dgm:borderColor r="153" g="153" b="153"/>
            <dgm:bgColor r="255" g="255" b="255"/>
        </dgm:body>
        <dgm:shadow arcRad="20" X="11" Y="149" width="156" height="182">
            <dgm:bgColor r="196" g="228" b="240"/>
        </dgm:shadow>
        <dgm:outputPort name="SampleCase.service" X="127" Y="0" diameter="20" imageURI="oracle/tip/tools/ide/fabric/resource/image/visuals_rd1/servicereference.png" interface="http://xmlns.oracle.com/CaseService#wsdl.interface(CaseServicePortType)"/>
        <dgm:nodeIcon URI="/oracle/tip/tools/ide/adapters/designtime/adapter/images/soap_service_20x20.png" X="20" Y="4" width="20" height="20"/>
        <dgm:operations>
            <dgm:item>startCase</dgm:item>
            <dgm:item>attainMilestone</dgm:item>
            <dgm:item>revokeMilestone</dgm:item>
            <dgm:item>abortCase</dgm:item>
            <dgm:item>suspendCase</dgm:item>
            <dgm:item>resumeCase</dgm:item>
            <dgm:item>closeCase</dgm:item>
            <dgm:item>reopenCase</dgm:item>
            <dgm:item>forceCloseCase</dgm:item>
        </dgm:operations>
    </dgm:gService>
    <dgm:gService name="IdentifyUserProcess.service">
        <dgm:body borderWidth="2" arcRad="20" X="21" Y="26" width="137" height="96">
            <dgm:borderColor r="153" g="153" b="153"/>
            <dgm:bgColor r="255" g="255" b="255"/>
        </dgm:body>
        <dgm:shadow arcRad="20" X="11" Y="19" width="156" height="110">
            <dgm:bgColor r="196" g="228" b="240"/>
        </dgm:shadow>
        <dgm:outputPort name="IdentifyUserProcess.service" X="127" Y="0" diameter="20" imageURI="oracle/tip/tools/ide/fabric/resource/image/visuals_rd1/servicereference.png" interface="http://xmlns.oracle.com/bpmn/bpmnProcess/IdentifyUserProcess#wsdl.interface(IdentifyUserProcessPortType)" callbackInterface="http://xmlns.oracle.com/bpmn/bpmnProcess/IdentifyUserProcess#wsdl.interface(IdentifyUserProcessPortTypeCallBack)"/>
        <dgm:nodeIcon URI="/oracle/tip/tools/ide/adapters/designtime/adapter/images/soap_service_20x20.png" X="20" Y="4" width="20" height="20"/>
        <dgm:operations>
            <dgm:item>start</dgm:item>
            <dgm:item>end</dgm:item>
        </dgm:operations>
    </dgm:gService>
    <dgm:gService name="ConfirmUserCreditProcess.service">
        <dgm:body borderWidth="2" arcRad="20" X="21" Y="358" width="137" height="96">
            <dgm:borderColor r="153" g="153" b="153"/>
            <dgm:bgColor r="255" g="255" b="255"/>
        </dgm:body>
        <dgm:shadow arcRad="20" X="11" Y="351" width="156" height="110">
            <dgm:bgColor r="196" g="228" b="240"/>
        </dgm:shadow>
        <dgm:outputPort name="ConfirmUserCreditProcess.service" X="127" Y="0" diameter="20" imageURI="oracle/tip/tools/ide/fabric/resource/image/visuals_rd1/servicereference.png" interface="http://xmlns.oracle.com/bpmn/bpmnProcess/ConfirmUserCreditProcess#wsdl.interface(ConfirmUserCreditProcessPortType)" callbackInterface="http://xmlns.oracle.com/bpmn/bpmnProcess/ConfirmUserCreditProcess#wsdl.interface(ConfirmUserCreditProcessPortTypeCallBack)"/>
        <dgm:nodeIcon URI="/oracle/tip/tools/ide/adapters/designtime/adapter/images/soap_service_20x20.png" X="20" Y="4" width="20" height="20"/>
        <dgm:operations>
            <dgm:item>start</dgm:item>
            <dgm:item>end</dgm:item>
        </dgm:operations>
    </dgm:gService>
    <dgm:gComponent name="SampleCase">
        <dgm:body borderWidth="2" arcRad="20" X="259" Y="152" width="130" height="111">
            <dgm:borderColor r="69" g="113" b="140"/>
            <dgm:lightBgColor r="166" g="208" b="230"/>
            <dgm:darkBgColor r="99" g="162" b="201"/>
        </dgm:body>
        <dgm:shadow arcRad="20" X="249" Y="145" width="150" height="127">
            <dgm:bgColor r="196" g="228" b="240"/>
        </dgm:shadow>
        <dgm:inputPort name="SampleCase.service" X="-10" Y="15" diameter="20" imageURI="oracle/tip/tools/ide/fabric/resource/image/visuals_rd1/servicereference.png" interface="http://xmlns.oracle.com/CaseService#wsdl.interface(CaseServicePortType)"/>
        <dgm:outputPort name="SampleCaseRules_SampleCaseRules" X="120" Y="15" diameter="20" imageURI="oracle/tip/tools/ide/fabric/resource/image/visuals_rd1/servicereference.png" interface="http://xmlns.oracle.com/bpm/case/caseDecision/SampleCaseRules_SampleCaseRules#wsdl.interface(IDecisionService)" callbackInterface="http://xmlns.oracle.com/bpm/case/caseDecision/SampleCaseRules_SampleCaseRules#wsdl.interface(IDecisionService)"/>
        <dgm:outputPort name="IdentifyUserProcess.service.reference" X="120" Y="40" diameter="20" imageURI="oracle/tip/tools/ide/fabric/resource/image/visuals_rd1/servicereference.png" interface="http://xmlns.oracle.com/bpmn/bpmnProcess/IdentifyUserProcess#wsdl.interface(IdentifyUserProcessPortType)" callbackInterface="http://xmlns.oracle.com/bpmn/bpmnProcess/IdentifyUserProcess#wsdl.interface(IdentifyUserProcessPortTypeCallBack)"/>
        <dgm:outputPort name="ConfirmUserCreditProcess.service.reference" X="120" Y="65" diameter="20" imageURI="oracle/tip/tools/ide/fabric/resource/image/visuals_rd1/servicereference.png" interface="http://xmlns.oracle.com/bpmn/bpmnProcess/ConfirmUserCreditProcess#wsdl.interface(ConfirmUserCreditProcessPortType)" callbackInterface="http://xmlns.oracle.com/bpmn/bpmnProcess/ConfirmUserCreditProcess#wsdl.interface(ConfirmUserCreditProcessPortTypeCallBack)"/>
        <dgm:nodeIcon URI="/oracle/bpm/fusion/soa/msg/images/case20.png" X="10" Y="4" width="20" height="20"/>
    </dgm:gComponent>
    <dgm:gComponent name="SampleCaseRules">
        <dgm:body borderWidth="2" arcRad="20" X="502" Y="93" width="130" height="61">
            <dgm:borderColor r="178" g="138" b="53"/>
            <dgm:lightBgColor r="255" g="226" b="142"/>
            <dgm:darkBgColor r="255" g="198" b="77"/>
        </dgm:body>
        <dgm:shadow arcRad="20" X="492" Y="86" width="150" height="77">
            <dgm:bgColor r="196" g="228" b="240"/>
        </dgm:shadow>
        <dgm:inputPort name="SampleCaseRules_SampleCaseRules" X="-10" Y="15" diameter="20" imageURI="oracle/tip/tools/ide/fabric/resource/image/visuals_rd1/servicereference.png" interface="http://xmlns.oracle.com/bpm/case/caseDecision/SampleCaseRules_SampleCaseRules#wsdl.interface(IDecisionService)"/>
        <dgm:nodeIcon URI="/oracle/tip/tools/ide/rules/plugins/resources/images/soa/decision_20x20.png" X="10" Y="4" width="20" height="20"/>
    </dgm:gComponent>
    <dgm:gComponent name="IdentifyUserProcess">
        <dgm:body borderWidth="2" arcRad="20" X="502" Y="188" width="130" height="61">
            <dgm:borderColor r="69" g="113" b="140"/>
            <dgm:lightBgColor r="166" g="208" b="230"/>
            <dgm:darkBgColor r="99" g="162" b="201"/>
        </dgm:body>
        <dgm:shadow arcRad="20" X="492" Y="181" width="150" height="77">
            <dgm:bgColor r="196" g="228" b="240"/>
        </dgm:shadow>
        <dgm:inputPort name="IdentifyUserProcess.service" X="-10" Y="15" diameter="20" imageURI="oracle/tip/tools/ide/fabric/resource/image/visuals_rd1/servicereference.png" interface="http://xmlns.oracle.com/bpmn/bpmnProcess/IdentifyUserProcess#wsdl.interface(IdentifyUserProcessPortType)" callbackInterface="http://xmlns.oracle.com/bpmn/bpmnProcess/IdentifyUserProcess#wsdl.interface(IdentifyUserProcessPortTypeCallBack)"/>
        <dgm:nodeIcon URI="/oracle/bpm/fusion/soa/msg/images/bpmncomponent20x20.png" X="10" Y="4" width="20" height="20"/>
    </dgm:gComponent>
    <dgm:gComponent name="ConfirmUserCreditProcess">
        <dgm:body borderWidth="2" arcRad="20" X="502" Y="283" width="130" height="61">
            <dgm:borderColor r="69" g="113" b="140"/>
            <dgm:lightBgColor r="166" g="208" b="230"/>
            <dgm:darkBgColor r="99" g="162" b="201"/>
        </dgm:body>
        <dgm:shadow arcRad="20" X="492" Y="276" width="150" height="77">
            <dgm:bgColor r="196" g="228" b="240"/>
        </dgm:shadow>
        <dgm:inputPort name="ConfirmUserCreditProcess.service" X="-10" Y="15" diameter="20" imageURI="oracle/tip/tools/ide/fabric/resource/image/visuals_rd1/servicereference.png" interface="http://xmlns.oracle.com/bpmn/bpmnProcess/ConfirmUserCreditProcess#wsdl.interface(ConfirmUserCreditProcessPortType)" callbackInterface="http://xmlns.oracle.com/bpmn/bpmnProcess/ConfirmUserCreditProcess#wsdl.interface(ConfirmUserCreditProcessPortTypeCallBack)"/>
        <dgm:nodeIcon URI="/oracle/bpm/fusion/soa/msg/images/bpmncomponent20x20.png" X="10" Y="4" width="20" height="20"/>
    </dgm:gComponent>
    <dgm:gWireLink source="SampleCase.service" target="SampleCase/SampleCase.service" width="2">
        <dgm:gSegment X1="168" Y1="166" X2="192" Y2="166"/>
        <dgm:gSegment X1="192" Y1="166" X2="192" Y2="177"/>
        <dgm:gSegment X1="192" Y1="177" X2="249" Y2="177"/>
        <dgm:baseColor r="153" g="153" b="153"/>
        <dgm:selectedColor r="49" g="106" b="196"/>
    </dgm:gWireLink>
    <dgm:gWireLink source="SampleCase/SampleCaseRules_SampleCaseRules" target="SampleCaseRules/SampleCaseRules_SampleCaseRules" width="2">
        <dgm:gSegment X1="399" Y1="177" X2="423" Y2="177"/>
        <dgm:gSegment X1="423" Y1="177" X2="423" Y2="118"/>
        <dgm:gSegment X1="423" Y1="118" X2="492" Y2="118"/>
        <dgm:baseColor r="153" g="153" b="153"/>
        <dgm:selectedColor r="49" g="106" b="196"/>
    </dgm:gWireLink>
    <dgm:gWireLink source="IdentifyUserProcess.service" target="IdentifyUserProcess/IdentifyUserProcess.service" width="2">
        <dgm:gSegment X1="168" Y1="36" X2="468" Y2="36"/>
        <dgm:gSegment X1="468" Y1="36" X2="468" Y2="213"/>
        <dgm:gSegment X1="468" Y1="213" X2="492" Y2="213"/>
        <dgm:baseColor r="153" g="153" b="153"/>
        <dgm:selectedColor r="49" g="106" b="196"/>
    </dgm:gWireLink>
    <dgm:gWireLink source="SampleCase/IdentifyUserProcess.service.reference" target="IdentifyUserProcess/IdentifyUserProcess.service" width="2">
        <dgm:gSegment X1="399" Y1="202" X2="453" Y2="202"/>
        <dgm:gSegment X1="453" Y1="202" X2="453" Y2="213"/>
        <dgm:gSegment X1="453" Y1="213" X2="492" Y2="213"/>
        <dgm:baseColor r="153" g="153" b="153"/>
        <dgm:selectedColor r="49" g="106" b="196"/>
    </dgm:gWireLink>
    <dgm:gWireLink source="ConfirmUserCreditProcess.service" target="ConfirmUserCreditProcess/ConfirmUserCreditProcess.service" width="2">
        <dgm:gSegment X1="168" Y1="368" X2="423" Y2="368"/>
        <dgm:gSegment X1="423" Y1="368" X2="423" Y2="308"/>
        <dgm:gSegment X1="423" Y1="308" X2="492" Y2="308"/>
        <dgm:baseColor r="153" g="153" b="153"/>
        <dgm:selectedColor r="49" g="106" b="196"/>
    </dgm:gWireLink>
    <dgm:gWireLink source="SampleCase/ConfirmUserCreditProcess.service.reference" target="ConfirmUserCreditProcess/ConfirmUserCreditProcess.service" width="2">
        <dgm:gSegment X1="399" Y1="227" X2="438" Y2="227"/>
        <dgm:gSegment X1="438" Y1="227" X2="438" Y2="308"/>
        <dgm:gSegment X1="438" Y1="308" X2="492" Y2="308"/>
        <dgm:baseColor r="153" g="153" b="153"/>
        <dgm:selectedColor r="49" g="106" b="196"/>
    </dgm:gWireLink>
</dgm:gDiagram>