<?xml version="1.0" encoding="UTF-8" ?>
<!-- Generated by Oracle SOA Modeler version 12.1.3.0.0 at [8/31/15 6:37 AM]. -->
<composite name="CaseEventLogger"
           revision="1.1"
           label="2015-08-31_06-37-19_489"
           mode="active"
           state="on"
           xmlns="http://xmlns.oracle.com/sca/1.0"
           xmlns:xs="http://www.w3.org/2001/XMLSchema"
           xmlns:wsp="http://schemas.xmlsoap.org/ws/2004/09/policy"
           xmlns:orawsp="http://schemas.oracle.com/ws/2006/01/policy"
           xmlns:ui="http://xmlns.oracle.com/soa/designer/"
           xmlns:sca-ext="http://xmlns.oracle.com/sca/1.0-ext">
  <import namespace="http://xmlns.oracle.com/bpm/case/event" location="oramds:/soa/shared/casemgmt/CaseEvent.edl" importType="edl"/>
  <import namespace="http://xmlns.oracle.com/SOAApplication/CaseEventLogger/CaseEventLogProcess"
          location="WSDLs/CaseEventLogProcess.wsdl" importType="wsdl"/>
  <import namespace="http://xmlns.oracle.com/pcbpel/adapter/file/SOAApplication/CaseEventLogger/fileReference"
          location="WSDLs/fileReference.wsdl" importType="wsdl"/>
  <property name="productVersion" type="xs:string" many="false">12.1.3.0.0</property>
  <property name="compositeID" type="xs:string" many="false">31c92faf-7385-43f2-b717-0e039d95d34d</property>
  <component name="CaseEventLogProcess" version="2.0">
    <implementation.bpel src="BPEL/CaseEventLogProcess.bpel"/>
    <componentType>
      <reference name="fileReference" ui:wsdlLocation="WSDLs/fileReference.wsdl">
        <interface.wsdl interface="http://xmlns.oracle.com/pcbpel/adapter/file/SOAApplication/CaseEventLogger/fileReference#wsdl.interface(Write_ptt)"/>
      </reference>
    </componentType>
    <property name="bpel.config.oneWayDeliveryPolicy" type="xs:string" many="false">async.persist</property>
    <business-events>
      <subscribe xmlns:sub1="http://xmlns.oracle.com/bpm/case/event" name="sub1:CaseEvent" consistency="oneAndOnlyOne"
                 durable="false"/>
    </business-events>
  </component>
  <reference name="fileReference" ui:wsdlLocation="WSDLs/fileReference.wsdl">
    <interface.wsdl interface="http://xmlns.oracle.com/pcbpel/adapter/file/SOAApplication/CaseEventLogger/fileReference#wsdl.interface(Write_ptt)"/>
    <binding.jca config="Adapters/fileReference_file.jca"/>
  </reference>
  <wire>
    <source.uri>CaseEventLogProcess/fileReference</source.uri>
    <target.uri>fileReference</target.uri>
  </wire>
</composite>
