<?xml version="1.0" encoding="UTF-8"?>
<dgm:gDiagram xmlns:dgm="http://xmlns.oracle.com/sca/soadgm">
    <dgm:gReference name="fileReference">
        <dgm:body borderWidth="2" arcRad="20" X="762" Y="41" width="136" height="84">
            <dgm:borderColor r="153" g="153" b="153"/>
            <dgm:bgColor r="255" g="255" b="255"/>
        </dgm:body>
        <dgm:shadow arcRad="20" X="752" Y="34" width="156" height="98">
            <dgm:bgColor r="196" g="228" b="240"/>
        </dgm:shadow>
        <dgm:inputPort name="fileReference" X="-10" Y="0" diameter="20" imageURI="oracle/tip/tools/ide/fabric/resource/image/visuals_rd1/servicereference.png" interface="http://xmlns.oracle.com/pcbpel/adapter/file/SOAApplication/CaseEventLogger/fileReference#wsdl.interface(Write_ptt)"/>
        <dgm:nodeIcon URI="/oracle/tip/tools/ide/adapters/designtime/adapter/images/file_adapter_20x20.png" X="27" Y="4" width="20" height="20"/>
        <dgm:operations>
            <dgm:item>Write</dgm:item>
        </dgm:operations>
    </dgm:gReference>
    <dgm:gComponent name="CaseEventLogProcess">
        <dgm:body borderWidth="2" arcRad="20" X="381" Y="26" width="130" height="110">
            <dgm:borderColor r="69" g="113" b="140"/>
            <dgm:lightBgColor r="166" g="208" b="230"/>
            <dgm:darkBgColor r="99" g="162" b="201"/>
        </dgm:body>
        <dgm:shadow arcRad="20" X="371" Y="19" width="150" height="126">
            <dgm:bgColor r="196" g="228" b="240"/>
        </dgm:shadow>
        <dgm:outputPort name="fileReference" X="120" Y="15" diameter="20" imageURI="oracle/tip/tools/ide/fabric/resource/image/visuals_rd1/servicereference.png" interface="http://xmlns.oracle.com/pcbpel/adapter/file/SOAApplication/CaseEventLogger/fileReference#wsdl.interface(Write_ptt)"/>
        <dgm:nodeIcon URI="/oracle/tip/tools/ide/bpel/shared/plugins/resources/images/soa/process_20x20.png" X="23" Y="4" width="20" height="20"/>
        <dgm:subscribeEvents>
            <dgm:item>CaseEvent</dgm:item>
        </dgm:subscribeEvents>
        <dgm:subscribePort name="" X="-10" Y="40" diameter="20" imageURI="oracle/tip/tools/ide/fabric/resource/image/visuals_rd1/circleEvent.png"/>
    </dgm:gComponent>
    <dgm:gWireLink source="CaseEventLogProcess/fileReference" target="fileReference" width="2">
        <dgm:gSegment X1="521" Y1="51" X2="752" Y2="51"/>
        <dgm:baseColor r="153" g="153" b="153"/>
        <dgm:selectedColor r="49" g="106" b="196"/>
    </dgm:gWireLink>
</dgm:gDiagram>