<?xml version="1.0" encoding="iso-8859-1"?>
<project name="soaGenConfigPlan" default="build">
	<property environment="env"/> 
	
	<property file="${env.CURRENT_FOLDER}/build.properties"/>
	<taskdef name="xmltask" classname="com.oopsconsultancy.xmltask.ant.XmlTask">
		<classpath>
			<pathelement path="${env.CURRENT_FOLDER}/lib/xmltask.jar"/>
			<pathelement path="${env.CURRENT_FOLDER}/lib/xalan.jar"/>
		</classpath>
	</taskdef>

	<taskdef resource="net/sf/antcontrib/antcontrib.properties">
		<classpath>
			<pathelement location="${env.ORACLE_HOME}/modules/net.sf.antcontrib_1.1.0.0_1-0b2/lib/ant-contrib.jar"/>
		</classpath>
	</taskdef>

	<import file="${basedir}/ant-sca-compile.xml"/> 

	<target name="genenvconfigplan"> 
		
		<echo>Build environment: ${buildenv}</echo>
		<property name="configplan_out" value="${compositename}_cfgplan_${buildenv}.xml"/>
		<echo>Target configplan name: ${configplan_out}</echo>
		<copy file="${compositeDir}/plantemplate.xml" tofile="${compositeDir}/${configplan_out}"/>
		<foreach list="${replacesets}"  target="replaceset" param="replaceset" inheritall="true" inheritrefs="false" delimiter=","/>
	</target>
	
	<target name="replaceset">
		<echo message="Processing replacementset: ${replaceset}"/>
		<propertycopy name="devurl" from="${replaceset}.dev.url"/>
		<propertycopy name="replacewithurl" from="${replaceset}.${buildenv}.url"/>
		<echo message="dev URL: ${devurl}"/>
		<echo message="${buildenv} URL: ${replacewithurl}"/>
		<xmltask source="${compositeDir}/${configplan_out}" destbuffer="myMsg"/>
		
		<xmltask sourcebuffer="myMsg" destBuffer="myMsg">
			
			<insert path="/*[local-name() = 'SOAConfigPlan']/*[local-name() = 'composite']/*[local-name() = 'import']/*[local-name() = 'searchReplace' and position()=1]" position="after"><![CDATA[<searchReplace xmlns="http://schemas.oracle.com/soa/configplan"><search>${devurl}</search><replace>${replacewithurl}</replace></searchReplace>]]></insert>
			<remove path="/*[local-name() = 'SOAConfigPlan']/*[local-name() = 'composite']/*[local-name() = 'import']/*[local-name() = 'searchReplace' and string-length(*[local-name() = 'search']/text())=0]"/>
			<insert path="/*[local-name() = 'SOAConfigPlan']/*[local-name() = 'wsdlAndSchema']/*[local-name() = 'searchReplace' and position()=1]" position="after"><![CDATA[<searchReplace xmlns="http://schemas.oracle.com/soa/configplan"><search>${devurl}</search><replace>${replacewithurl}</replace></searchReplace>]]></insert>
			<remove path="/*[local-name() = 'SOAConfigPlan']/*[local-name() = 'wsdlAndSchema']/*[local-name() = 'searchReplace' and string-length(*[local-name() = 'search']/text())=0]"/>
			<copy path="/*[local-name() = 'SOAConfigPlan']/*[local-name() = 'composite']" buffer="myMsgTmp"/>
			<call path="/*[local-name() = 'SOAConfigPlan']/*[local-name() = 'composite']/*[local-name() = 'reference']">
			  <param name="name" path="@name"/>
			  <actions>
				<echo>Found a reference: @{name}</echo>
				<xmltask sourcebuffer="myMsgTmp" destbuffer="myMsgTmp">
				<regexp path="/*[local-name() = 'composite']/*[local-name() = 'reference' and @name='@{name}']/*[local-name() = 'binding' and @type='ws']/*[local-name() = 'attribute' and @name='location']/*[local-name() = 'replace']/text()" pattern="(.*)${devurl}(.*)" replace="$1${replacewithurl}$2"/>
				<regexp path="/*[local-name() = 'composite']/*[local-name() = 'reference' and @name='@{name}']/*[local-name() = 'binding' and @type='ws']/*[local-name() = 'property' and @name='endpointURI']/*[local-name() = 'replace']/text()" pattern="(.*)${devurl}(.*)" replace="$1${replacewithurl}$2"/>
				</xmltask>
			  </actions>
			</call>
			<replace path="/*[local-name() = 'SOAConfigPlan']/*[local-name() = 'composite']" withBuffer="myMsgTmp"/>
		</xmltask>
		<xmltask sourcebuffer='myMsg' dest="${compositeDir}/${configplan_out}"/>
	</target>

	<target name="build"> 
	<echo>current folder ${env.CURRENT_FOLDER}</echo>

	<property file="${env.CURRENT_FOLDER}/build.properties"/>
	<input message="Please enter composite directory:" addproperty="compositeDir"/>
	<antcall target="generateplan">
		<param name="scac.input" value="${compositeDir}/composite.xml"/>
		<param name="scac.plan" value="${compositeDir}/plantemplate.xml"/>
	</antcall>
	<xmltask source="${compositeDir}/composite.xml">
		<copy path="/*[local-name() = 'composite']/@name" property="compositename" attrValue="true"/>
	</xmltask>
	<echo message="Composite name: ${compositename}"/>
	
	<foreach list="${envs}" param="buildenv" target="genenvconfigplan" inheritall="true" inheritrefs="true" delimiter=","/>
	<delete file="${compositeDir}/plantemplate.xml"/>

	</target>  


</project>