<?xml version="1.0" encoding="UTF-8" ?>
<!-- Generated by Oracle SOA Modeler version 11.1.1.7.0 at [6/23/13 8:45 AM]. -->
<composite name="ProcessMessage"
           revision="1.0"
           label="2013-06-23_08-45-31_448"
           mode="active"
           state="on"
           xmlns="http://xmlns.oracle.com/sca/1.0"
           xmlns:xs="http://www.w3.org/2001/XMLSchema"
           xmlns:wsp="http://schemas.xmlsoap.org/ws/2004/09/policy"
           xmlns:orawsp="http://schemas.oracle.com/ws/2006/01/policy"
           xmlns:ui="http://xmlns.oracle.com/soa/designer/">
  <import namespace="http://xmlns.oracle.com/pcbpel/adapter/AQ/Transactions/ProcessMessage/readMessage"
          location="readMessage.wsdl" importType="wsdl"/>
  <import namespace="http://xmlns.oracle.com/pcbpel/adapter/db/Transactions/ProcessMessage/WriteToStore"
          location="WriteToStore.wsdl" importType="wsdl"/>
  <service name="readMessage" ui:wsdlLocation="readMessage.wsdl">
    <interface.wsdl interface="http://xmlns.oracle.com/pcbpel/adapter/AQ/Transactions/ProcessMessage/readMessage#wsdl.interface(Dequeue_ptt)"/>
    <binding.jca config="readMessage_aq.jca"/>
  </service>
  <property name="productVersion" type="xs:string" many="false">11.1.1.7.0</property>
  <component name="ReadQueueWriteStore" version="2.0">
    <implementation.bpel src="ReadQueueWriteStore.bpel"/>
    <property name="bpel.config.oneWayDeliveryPolicy" type="xs:string"
              many="false">sync</property>
    <property name="bpel.config.transaction" type="xs:string" many="false">requiresNew</property>              
  </component>
  <reference name="WriteToStore" ui:wsdlLocation="WriteToStore.wsdl">
    <interface.wsdl interface="http://xmlns.oracle.com/pcbpel/adapter/db/Transactions/ProcessMessage/WriteToStore#wsdl.interface(WriteToStore_ptt)"/>
    <binding.jca config="WriteToStore_db.jca"/>
    <property name="jca.retry.count" type="xs:int" many="false" override="may">4</property>
    <property name="jca.retry.interval" type="xs:int" many="false"
              override="may">1</property>
    <property name="jca.retry.backoff" type="xs:int" many="false"
              override="may">2</property>
    <property name="jca.retry.maxInterval" type="xs:string" many="false"
              override="may">120</property>
  </reference>
  <wire>
    <source.uri>readMessage</source.uri>
    <target.uri>ReadQueueWriteStore/readMessage</target.uri>
  </wire>
  <wire>
    <source.uri>ReadQueueWriteStore/WriteToStore</source.uri>
    <target.uri>WriteToStore</target.uri>
  </wire>
</composite>
