<?xml version = '1.0' encoding = 'UTF-8'?>
<!DOCTYPE properties SYSTEM "http://java.sun.com/dtd/properties.dtd">
<properties>
   <entry key="TEST_STORE:db_column_0">CREATED_TS</entry>
   <entry key="TEST_STORE.CREATED_TS:db_column_type">TIMESTAMP(6)</entry>
   <entry key="TEST_STORE.CREATED_TS:db_column_not_null">false</entry>
   <entry key="TEST_STORE.COUNTER_VAL:db_column_not_null">false</entry>
   <entry key="TEST_STORE:db_table_type">TABLE</entry>
   <entry key="TEST_STORE.COUNTER_VAL:db_column_type">VARCHAR2</entry>
   <entry key="root_descriptor_alias">TEST_STORE</entry>
   <entry key="TEST_STORE.COUNTER_VAL:db_column_size">20</entry>
   <entry key="TEST_STORE:db_column_1">COUNTER_VAL</entry>
</properties>