<?xml version="1.0" encoding="UTF-8" ?>
<!-- Generated by Oracle SOA Modeler version 1.0 at [10/26/12 9:40 AM]. -->
<composite name="HelloWorldPDF"
           revision="1.0"
           label="2012-10-26_09-40-07_606"
           mode="active"
           state="on"
           xmlns="http://xmlns.oracle.com/sca/1.0"
           xmlns:xs="http://www.w3.org/2001/XMLSchema"
           xmlns:wsp="http://schemas.xmlsoap.org/ws/2004/09/policy"
           xmlns:orawsp="http://schemas.oracle.com/ws/2006/01/policy"
           xmlns:ui="http://xmlns.oracle.com/soa/designer/">
  <import namespace="http://xmlns.oracle.com/PdfUtils/HelloWorldPDF/HelloWorldPDF_BPEL"
          location="HelloWorldPDF_BPEL.wsdl" importType="wsdl"/>
  <import namespace="http://pdf.testapp.ms/"
          location="http://soabpm-vm:7001/PdfUtils/GeneratePdfService?wsdl"
          importType="wsdl"/>
  <import namespace="http://pdf.testapp.ms/"
          location="GeneratePdfServiceWrapper.wsdl" importType="wsdl"/>
  <service name="helloworldpdf_bpel_client_ep"
           ui:wsdlLocation="HelloWorldPDF_BPEL.wsdl">
    <interface.wsdl interface="http://xmlns.oracle.com/PdfUtils/HelloWorldPDF/HelloWorldPDF_BPEL#wsdl.interface(HelloWorldPDF_BPEL)"/>
    <binding.ws port="http://xmlns.oracle.com/PdfUtils/HelloWorldPDF/HelloWorldPDF_BPEL#wsdl.endpoint(helloworldpdf_bpel_client_ep/HelloWorldPDF_BPEL_pt)"/>
  </service>
  <component name="HelloWorldPDF_BPEL" version="2.0">
    <implementation.bpel src="HelloWorldPDF_BPEL.bpel"/>
    <property name="bpel.config.transaction" type="xs:string" many="false">required</property>
  </component>
  <reference name="GeneratePDF_WS"
             ui:wsdlLocation="http://soabpm-vm:7001/PdfUtils/GeneratePdfService?wsdl">
    <interface.wsdl interface="http://pdf.testapp.ms/#wsdl.interface(GeneratePdf)"/>
    <binding.ws port="http://pdf.testapp.ms/#wsdl.endpoint(GeneratePdfService/GeneratePdfPort)"
                location="http://soabpm-vm:7001/PdfUtils/GeneratePdfService?wsdl"
                soapVersion="1.1">
      <property name="weblogic.wsee.wsat.transaction.flowOption"
                type="xs:string" many="false">WSDLDriven</property>
    </binding.ws>
  </reference>
  <wire>
    <source.uri>helloworldpdf_bpel_client_ep</source.uri>
    <target.uri>HelloWorldPDF_BPEL/helloworldpdf_bpel_client</target.uri>
  </wire>
  <wire>
    <source.uri>HelloWorldPDF_BPEL/GeneratePDF_WS</source.uri>
    <target.uri>GeneratePDF_WS</target.uri>
  </wire>
</composite>
