<?xml version="1.0" encoding="UTF-8" ?>
<!-- Generated by Oracle SOA Modeler version 1.0 at [6/21/12 1:19 PM]. -->
<composite name="CallHelloWorld"
           revision="1.0"
           label="2012-06-21_13-19-00_801"
           mode="active"
           state="on"
           xmlns="http://xmlns.oracle.com/sca/1.0"
           xmlns:xs="http://www.w3.org/2001/XMLSchema"
           xmlns:wsp="http://schemas.xmlsoap.org/ws/2004/09/policy"
           xmlns:orawsp="http://schemas.oracle.com/ws/2006/01/policy"
           xmlns:ui="http://xmlns.oracle.com/soa/designer/">
  <import namespace="http://xmlns.oracle.com/pcbpel/adapter/aq/ExceptionTest/CallHelloWorld/dequeue_AQ"
          location="dequeue_AQ.wsdl" importType="wsdl"/>
  <import namespace="http://xmlns.oracle.com/pcbpel/adapter/aq/ExceptionTest/CallHelloWorld/enqueue_AQ"
          location="enqueue_AQ.wsdl" importType="wsdl"/>
  <import namespace="http://xmlns.oracle.com/HelloWorldTest/HelloWorldTest/HelloWorld"
          location="http://oasoa03a.dbr.agro.nl:7001/soa-infra/services/default/HelloWorldTest/HelloWorld.wsdl"
          importType="wsdl"/>
  <service name="dequeue_AQ" ui:wsdlLocation="dequeue_AQ.wsdl">
    <interface.wsdl interface="http://xmlns.oracle.com/pcbpel/adapter/aq/ExceptionTest/CallHelloWorld/dequeue_AQ#wsdl.interface(Dequeue_ptt)"/>
    <binding.jca config="dequeue_AQ_aq.jca"/>
    <property name="minimumDelayBetweenMessages">10000</property>
    <property name="adapter.aq.dequeue.threads" type="xs:string" many="false">1</property>
  </service>
  <component name="CallHelloWorld_BPEL" version="2.0">
    <implementation.bpel src="CallHelloWorld_BPEL.bpel"/>
  </component>
  <reference name="enqueue_AQ" ui:wsdlLocation="enqueue_AQ.wsdl">
    <interface.wsdl interface="http://xmlns.oracle.com/pcbpel/adapter/aq/ExceptionTest/CallHelloWorld/enqueue_AQ#wsdl.interface(Enqueue_ptt)"/>
    <binding.jca config="enqueue_AQ_aq.jca"/>
  </reference>
  <reference name="helloworld_WS"
             ui:wsdlLocation="http://oasoa03a.dbr.agro.nl:7001/soa-infra/services/default/HelloWorldTest/HelloWorld.wsdl">
    <interface.wsdl interface="http://xmlns.oracle.com/HelloWorldTest/HelloWorldTest/HelloWorld#wsdl.interface(HelloWorld)"/>
    <binding.ws port="http://xmlns.oracle.com/HelloWorldTest/HelloWorldTest/HelloWorld#wsdl.endpoint(helloworld_client_ep/HelloWorld_pt)"
                location="http://oasoa03a.dbr.agro.nl:7001/soa-infra/services/default/HelloWorldTest/helloworld_client_ep?WSDL"
                soapVersion="1.1">
      <property name="weblogic.wsee.wsat.transaction.flowOption"
                type="xs:string" many="false">WSDLDriven</property>
    </binding.ws>
  </reference>
  <wire>
    <source.uri>dequeue_AQ</source.uri>
    <target.uri>CallHelloWorld_BPEL/dequeue_AQ</target.uri>
  </wire>
  <wire>
    <source.uri>CallHelloWorld_BPEL/helloworld_WS</source.uri>
    <target.uri>helloworld_WS</target.uri>
  </wire>
  <wire>
    <source.uri>CallHelloWorld_BPEL/enqueue_AQ</source.uri>
    <target.uri>enqueue_AQ</target.uri>
  </wire>
</composite>
