<?xml version="1.0" encoding="UTF-8"?>
<faultPolicies xmlns="http://schemas.oracle.com/bpel/faultpolicy"
               xmlns:xsi="http://www.w3.org/2001/XMLSchema-instance">
  <faultPolicy version="2.1.3" id="ConnectionFaults">
    <Conditions>
      <faultName>
        <condition>
          <action ref="retireProcess"/>
        </condition>
      </faultName>
    </Conditions>
    <Actions>
      <Action id="retireProcess">
        <javaAction className="ms.exceptiontest.soa.faultHandlers.retireFaultHandler"
                    defaultAction="ora-rethrow-fault">
          <returnValue value="OK" ref="ora-rethrow-fault"/>
        </javaAction>
      </Action>
      <!-- Generics -->
      <Action id="ora-terminate">
        <abort/>
      </Action>
      <Action id="ora-replay-scope">
        <replayScope/>
      </Action>
      <Action id="ora-rethrow-fault">
        <rethrowFault/>
      </Action>
      <Action id="ora-human-intervention">
        <humanIntervention/>
      </Action>
    </Actions>
  </faultPolicy>
</faultPolicies>