<?xml version="1.0" encoding="UTF-8" ?>
<!-- Generated by Oracle SOA Modeler version 1.0 at [3/1/13 10:00 AM]. -->
<composite name="AddItems"
           revision="1.0"
           label="2013-03-01_10-00-32_956"
           mode="active"
           state="on"
           xmlns="http://xmlns.oracle.com/sca/1.0"
           xmlns:xs="http://www.w3.org/2001/XMLSchema"
           xmlns:wsp="http://schemas.xmlsoap.org/ws/2004/09/policy"
           xmlns:orawsp="http://schemas.oracle.com/ws/2006/01/policy"
           xmlns:ui="http://xmlns.oracle.com/soa/designer/">
  <import namespace="http://xmlns.oracle.com/pcbpel/adapter/db/ItemUtils/AddItems/add_items_DB"
          location="add_items_DB.wsdl" importType="wsdl"/>
  <import namespace="http://xmlns.oracle.com/ItemUtils/AddItems/AddItemsBPEL"
          location="AddItemsBPEL.wsdl" importType="wsdl"/>
  <service name="additemsbpel_client_ep" ui:wsdlLocation="AddItemsBPEL.wsdl">
    <interface.wsdl interface="http://xmlns.oracle.com/ItemUtils/AddItems/AddItemsBPEL#wsdl.interface(AddItemsBPEL)"/>
    <binding.ws port="http://xmlns.oracle.com/ItemUtils/AddItems/AddItemsBPEL#wsdl.endpoint(additemsbpel_client_ep/AddItemsBPEL_pt)"/>
  </service>
  <component name="AddItemsBPEL" version="2.0">
    <implementation.bpel src="AddItemsBPEL.bpel"/>
    <property name="bpel.config.transaction" type="xs:string" many="false">requiresNew</property>
  </component>
  <reference name="add_items_DB" ui:wsdlLocation="add_items_DB.wsdl">
    <interface.wsdl interface="http://xmlns.oracle.com/pcbpel/adapter/db/ItemUtils/AddItems/add_items_DB#wsdl.interface(add_items_DB_ptt)"/>
    <binding.jca config="add_items_DB_db.jca"/>
    <property name="jca.retry.count" type="xs:int" many="false" override="may">4</property>
    <property name="jca.retry.interval" type="xs:int" many="false"
              override="may">1</property>
    <property name="jca.retry.backoff" type="xs:int" many="false"
              override="may">2</property>
    <property name="jca.retry.maxInterval" type="xs:string" many="false"
              override="may">120</property>
  </reference>
  <wire>
    <source.uri>additemsbpel_client_ep</source.uri>
    <target.uri>AddItemsBPEL/additemsbpel_client</target.uri>
  </wire>
  <wire>
    <source.uri>AddItemsBPEL/add_items_DB</source.uri>
    <target.uri>add_items_DB</target.uri>
  </wire>
</composite>
