<?xml version = '1.0' encoding = 'UTF-8'?>
<References xmlns="http://xmlns.oracle.com/adf/jndi">
   <Reference name="testuser" className="oracle.jdeveloper.db.adapter.DatabaseProvider" credentialStoreKey="testuser" xmlns="">
      <Factory className="oracle.jdeveloper.db.adapter.DatabaseProviderFactory"/>
      <RefAddresses>
         <StringRefAddr addrType="sid">
            <Contents>XE</Contents>
         </StringRefAddr>
         <StringRefAddr addrType="subtype">
            <Contents>oraJDBC</Contents>
         </StringRefAddr>
         <StringRefAddr addrType="user">
            <Contents>testuser</Contents>
         </StringRefAddr>
         <StringRefAddr addrType="hostname">
            <Contents>localhost</Contents>
         </StringRefAddr>
         <StringRefAddr addrType="port">
            <Contents>1521</Contents>
         </StringRefAddr>
         <SecureRefAddr addrType="password"/>
         <StringRefAddr addrType="DeployPassword">
            <Contents>true</Contents>
         </StringRefAddr>
         <StringRefAddr addrType="oraDriverType">
            <Contents>thin</Contents>
         </StringRefAddr>
      </RefAddresses>
   </Reference>
   <Reference name="OracleVMMdsCon" className="oracle.tip.tools.ide.common.resourcepalette.adapter.mds.MDSProvider" credentialStoreKey="OracleVMMdsCon" xmlns="">
      <Factory className="oracle.tip.tools.ide.common.resourcepalette.adapter.mds.MDSProviderFactory"/>
      <RefAddresses>
         <SecureRefAddr addrType="DBMDSJDBCPASSWORD"/>
         <StringRefAddr addrType="ConnectionName">
            <Contents>OracleVMMdsCon</Contents>
         </StringRefAddr>
         <StringRefAddr addrType="DBMDS_JDBC_USERID">
            <Contents>DEV_MDS</Contents>
         </StringRefAddr>
         <StringRefAddr addrType="ConnectionType">
            <Contents>oracle.mds.persistence.stores.db.DBMetadataStore</Contents>
         </StringRefAddr>
         <StringRefAddr addrType="MDS_PARTITION_NAME">
            <Contents>obpm</Contents>
         </StringRefAddr>
         <StringRefAddr addrType="DBMDSDBCONNECTIONNAME">
            <Contents>OracleVMMds</Contents>
         </StringRefAddr>
         <StringRefAddr addrType="DBMDS_JDBC_URL">
            <Contents>jdbc:oracle:thin:@localhost:1521:XE</Contents>
         </StringRefAddr>
      </RefAddresses>
   </Reference>
</References>
