<?xml version="1.0" encoding="UTF-8" ?>
<!-- Generated by Oracle SOA Modeler version 1.0 at [7/8/12 4:26 PM]. -->
<composite name="TapiTest"
           revision="1.0"
           label="2012-07-08_16-26-21_194"
           mode="active"
           state="on"
           xmlns="http://xmlns.oracle.com/sca/1.0"
           xmlns:xs="http://www.w3.org/2001/XMLSchema"
           xmlns:wsp="http://schemas.xmlsoap.org/ws/2004/09/policy"
           xmlns:orawsp="http://schemas.oracle.com/ws/2006/01/policy"
           xmlns:ui="http://xmlns.oracle.com/soa/designer/">
  <import namespace="http://xmlns.oracle.com/TestSequencing/TapiTest/TapiTest"
          location="TapiTest.wsdl" importType="wsdl"/>
  <import namespace="http://xmlns.oracle.com/pcbpel/adapter/db/TestSequencing/TapiTest/insert_DB"
          location="insert_DB.wsdl" importType="wsdl"/>
  <service name="tapitest_client_ep" ui:wsdlLocation="TapiTest.wsdl">
    <interface.wsdl interface="http://xmlns.oracle.com/TestSequencing/TapiTest/TapiTest#wsdl.interface(TapiTest)"/>
    <binding.ws port="http://xmlns.oracle.com/TestSequencing/TapiTest/TapiTest#wsdl.endpoint(tapitest_client_ep/TapiTest_pt)"/>
  </service>
  <component name="TapiTest" version="2.0">
    <implementation.bpel src="TapiTest.bpel"/>
    <property name="bpel.config.transaction" type="xs:string" many="false">required</property>
  </component>
  <reference name="insert_DB" ui:wsdlLocation="insert_DB.wsdl">
    <interface.wsdl interface="http://xmlns.oracle.com/pcbpel/adapter/db/TestSequencing/TapiTest/insert_DB#wsdl.interface(insert_DB_ptt)"/>
    <binding.jca config="insert_DB_db.jca"/>
    <property name="jca.retry.count" type="xs:int" many="false" override="may">4</property>
    <property name="jca.retry.interval" type="xs:int" many="false"
              override="may">1</property>
    <property name="jca.retry.backoff" type="xs:int" many="false"
              override="may">2</property>
    <property name="jca.retry.maxInterval" type="xs:string" many="false"
              override="may">120</property>
  </reference>
  <wire>
    <source.uri>tapitest_client_ep</source.uri>
    <target.uri>TapiTest/tapitest_client</target.uri>
  </wire>
  <wire>
    <source.uri>TapiTest/insert_DB</source.uri>
    <target.uri>insert_DB</target.uri>
  </wire>
</composite>
