<?xml version="1.0" encoding="UTF-8" ?>
<!-- Generated by Oracle SOA Modeler version 1.0 at [3/30/12 9:02 AM]. -->
<composite name="Base64Encode"
           revision="1.0"
           label="2012-03-30_09-02-16_465"
           mode="active"
           state="on"
           xmlns="http://xmlns.oracle.com/sca/1.0"
           xmlns:xs="http://www.w3.org/2001/XMLSchema"
           xmlns:wsp="http://schemas.xmlsoap.org/ws/2004/09/policy"
           xmlns:orawsp="http://schemas.oracle.com/ws/2006/01/policy"
           xmlns:ui="http://xmlns.oracle.com/soa/designer/">
  <import namespace="http://xmlns.oracle.com/Base64Utils/Base64Encode/Base64EncodeBPEL"
          location="Base64EncodeBPEL.wsdl" importType="wsdl"/>
  <service name="base64encodebpel_client_ep"
           ui:wsdlLocation="Base64EncodeBPEL.wsdl">
    <interface.wsdl interface="http://xmlns.oracle.com/Base64Utils/Base64Encode/Base64EncodeBPEL#wsdl.interface(Base64EncodeBPEL)"/>
    <binding.ws port="http://xmlns.oracle.com/Base64Utils/Base64Encode/Base64EncodeBPEL#wsdl.endpoint(base64encodebpel_client_ep/Base64EncodeBPEL_pt)"/>
  </service>
  <component name="Base64EncodeBPEL" version="2.0">
    <implementation.bpel src="Base64EncodeBPEL.bpel"/>
  </component>
  <wire>
    <source.uri>base64encodebpel_client_ep</source.uri>
    <target.uri>Base64EncodeBPEL/base64encodebpel_client</target.uri>
  </wire>
</composite>
