<?xml version="1.0" encoding="UTF-8" ?>
<!-- Generated by Oracle SOA Modeler version 1.0 at [8/10/12 9:55 AM]. -->
<composite name="HelloWorldAsyncCaller"
           revision="1.0"
           label="2012-08-10_09-55-58_673"
           mode="active"
           state="on"
           xmlns="http://xmlns.oracle.com/sca/1.0"
           xmlns:xs="http://www.w3.org/2001/XMLSchema"
           xmlns:wsp="http://schemas.xmlsoap.org/ws/2004/09/policy"
           xmlns:orawsp="http://schemas.oracle.com/ws/2006/01/policy"
           xmlns:ui="http://xmlns.oracle.com/soa/designer/">
  <import namespace="http://xmlns.oracle.com/TestApp/HelloWorldAsyncCaller/HelloWorldAsyncCaller"
          location="HelloWorldAsyncCaller.wsdl" importType="wsdl"/>
  <import namespace="http://xmlns.oracle.com/TestApp/HelloWorldAsync/HelloWorldAsync_BPEL"
          location="http://soabpm-vm:7001/soa-infra/services/default/HelloWorldAsync/HelloWorldAsync_BPEL.wsdl"
          importType="wsdl"/>
  <service name="helloworldasynccaller_client_ep"
           ui:wsdlLocation="HelloWorldAsyncCaller.wsdl">
    <interface.wsdl interface="http://xmlns.oracle.com/TestApp/HelloWorldAsyncCaller/HelloWorldAsyncCaller#wsdl.interface(HelloWorldAsyncCaller)"/>
    <binding.ws port="http://xmlns.oracle.com/TestApp/HelloWorldAsyncCaller/HelloWorldAsyncCaller#wsdl.endpoint(helloworldasynccaller_client_ep/HelloWorldAsyncCaller_pt)"/>
  </service>
  <component name="HelloWorldAsyncCaller" version="2.0">
    <implementation.bpel src="HelloWorldAsyncCaller.bpel"/>
    <property name="bpel.config.transaction" type="xs:string" many="false">requiresNew</property>
  </component>
  <reference name="HelloWorldAsync_WS"
             ui:wsdlLocation="http://soabpm-vm:7001/soa-infra/services/default/HelloWorldAsync/HelloWorldAsync_BPEL.wsdl">
    <interface.wsdl interface="http://xmlns.oracle.com/TestApp/HelloWorldAsync/HelloWorldAsync_BPEL#wsdl.interface(HelloWorldAsync_BPEL)"
                    callbackInterface="http://xmlns.oracle.com/TestApp/HelloWorldAsync/HelloWorldAsync_BPEL#wsdl.interface(HelloWorldAsync_BPELCallback)"/>
    <binding.ws port="http://xmlns.oracle.com/TestApp/HelloWorldAsync/HelloWorldAsync_BPEL#wsdl.endpoint(helloworldasync_bpel_client_ep/HelloWorldAsync_BPEL_pt)"
                location="http://soabpm-vm:7001/soa-infra/services/default/HelloWorldAsync/helloworldasync_bpel_client_ep?WSDL"
                soapVersion="1.1">
      <property name="weblogic.wsee.wsat.transaction.flowOption"
                type="xs:string" many="false">WSDLDriven</property>
    </binding.ws>
    <callback>
      <binding.ws port="http://xmlns.oracle.com/TestApp/HelloWorldAsync/HelloWorldAsync_BPEL#wsdl.endpoint(helloworldasync_bpel_client_ep/HelloWorldAsync_BPELCallback_pt)"/>
    </callback>
  </reference>
  <wire>
    <source.uri>helloworldasynccaller_client_ep</source.uri>
    <target.uri>HelloWorldAsyncCaller/helloworldasynccaller_client</target.uri>
  </wire>
  <wire>
    <source.uri>HelloWorldAsyncCaller/HelloWorldAsync_WS</source.uri>
    <target.uri>HelloWorldAsync_WS</target.uri>
  </wire>
</composite>
