<?xml version="1.0" encoding="UTF-8" ?>
<!-- Generated by Oracle SOA Modeler version 1.0 at [3/30/12 9:40 AM]. -->
<composite name="Base64Decode"
           revision="1.0"
           label="2012-03-30_09-40-12_075"
           mode="active"
           state="on"
           xmlns="http://xmlns.oracle.com/sca/1.0"
           xmlns:xs="http://www.w3.org/2001/XMLSchema"
           xmlns:wsp="http://schemas.xmlsoap.org/ws/2004/09/policy"
           xmlns:orawsp="http://schemas.oracle.com/ws/2006/01/policy"
           xmlns:ui="http://xmlns.oracle.com/soa/designer/">
  <import namespace="http://xmlns.oracle.com/Base64Utils/Base64Decode/Base64DecodeBPEL"
          location="Base64DecodeBPEL.wsdl" importType="wsdl"/>
  <service name="base64decodebpel_client_ep"
           ui:wsdlLocation="Base64DecodeBPEL.wsdl">
    <interface.wsdl interface="http://xmlns.oracle.com/Base64Utils/Base64Decode/Base64DecodeBPEL#wsdl.interface(Base64DecodeBPEL)"/>
    <binding.ws port="http://xmlns.oracle.com/Base64Utils/Base64Decode/Base64DecodeBPEL#wsdl.endpoint(base64decodebpel_client_ep/Base64DecodeBPEL_pt)"/>
  </service>
  <component name="Base64DecodeBPEL" version="2.0">
    <implementation.bpel src="Base64DecodeBPEL.bpel"/>
  </component>
  <wire>
    <source.uri>base64decodebpel_client_ep</source.uri>
    <target.uri>Base64DecodeBPEL/base64decodebpel_client</target.uri>
  </wire>
</composite>
