<?xml version="1.0" encoding="UTF-8" ?>
<!-- Generated by Oracle SOA Modeler version 1.0 at [6/29/12 11:08 AM]. -->
<composite name="TestFileAdapter3"
           revision="1.0"
           label="2012-06-29_11-08-29_906"
           mode="active"
           state="on"
           xmlns="http://xmlns.oracle.com/sca/1.0"
           xmlns:xs="http://www.w3.org/2001/XMLSchema"
           xmlns:wsp="http://schemas.xmlsoap.org/ws/2004/09/policy"
           xmlns:orawsp="http://schemas.oracle.com/ws/2006/01/policy"
           xmlns:ui="http://xmlns.oracle.com/soa/designer/">
  <import namespace="http://xmlns.oracle.com/pcbpel/adapter/file/TestFileAdapter/TestFileAdapter3/write_file_decrypted_FILE"
          location="write_file_decrypted_FILE.wsdl" importType="wsdl"/>
  <import namespace="http://xmlns.oracle.com/pcbpel/adapter/file/TestFileAdapter/TestFileAdapter3/read_file_encrypted_FILE"
          location="read_file_encrypted_FILE.wsdl" importType="wsdl"/>
  <service name="read_file_encrypted_FILE"
           ui:wsdlLocation="read_file_encrypted_FILE.wsdl">
    <interface.wsdl interface="http://xmlns.oracle.com/pcbpel/adapter/file/TestFileAdapter/TestFileAdapter3/read_file_encrypted_FILE#wsdl.interface(Read_ptt)"/>
    <binding.jca config="read_file_encrypted_FILE_file.jca"/>
    <property name="myCipherKey" source="" type="xs:string" many="false" override="may">desvalve</property>
    <property name="READ_FILE_DIR" type="xs:string" many="false" override="may"></property>
    <property name="ARCHIVE_FILE_DIR" type="xs:string" many="false"
              override="may"></property>
  </service>
  <component name="read_file_write_decrypt_FILE" version="2.0">
    <implementation.bpel src="read_file_write_decrypt_FILE.bpel"/>
    <property name="bpel.config.transaction" type="xs:string" many="false">required</property>
    <property name="bpel.config.oneWayDeliveryPolicy" type="xs:string"
              many="false">sync</property>
  </component>
  <reference name="write_file_decrypted_FILE"
             ui:wsdlLocation="write_file_decrypted_FILE.wsdl">
    <interface.wsdl interface="http://xmlns.oracle.com/pcbpel/adapter/file/TestFileAdapter/TestFileAdapter3/write_file_decrypted_FILE#wsdl.interface(Write_ptt)"/>
    <binding.jca config="write_file_decrypted_FILE_file.jca"/>
    <property name="WRITE_FILE_DIR" type="xs:string" many="false"
              override="may"></property>
  </reference>
  <wire>
    <source.uri>read_file_encrypted_FILE</source.uri>
    <target.uri>read_file_write_decrypt_FILE/read_file_encrypted_FILE</target.uri>
  </wire>
  <wire>
    <source.uri>read_file_write_decrypt_FILE/write_file_decrypted_FILE</source.uri>
    <target.uri>write_file_decrypted_FILE</target.uri>
  </wire>
</composite>
