<?xml version="1.0" encoding="UTF-8" ?>
<!-- Generated by Oracle SOA Modeler version 1.0 at [1/5/13 11:16 AM]. -->
<composite name="HelloWorldBPEL"
           revision="1.0"
           label="2013-01-05_11-16-22_794"
           mode="active"
           state="on"
           xmlns="http://xmlns.oracle.com/sca/1.0"
           xmlns:xs="http://www.w3.org/2001/XMLSchema"
           xmlns:wsp="http://schemas.xmlsoap.org/ws/2004/09/policy"
           xmlns:orawsp="http://schemas.oracle.com/ws/2006/01/policy"
           xmlns:ui="http://xmlns.oracle.com/soa/designer/">
  <import namespace="http://xmlns.oracle.com/pcbpel/adapter/socket/JsonExample/HelloWorldBPEL/requestreplySocket"
          location="requestreplySocket.wsdl" importType="wsdl"/>
  <import namespace="http://util.soa.testapp.ms/" location="JsonXmlPort.wsdl"
          importType="wsdl"/>
  <import namespace="http://util.soa.testapp.ms/"
          location="JsonXmlPortWrapper.wsdl" importType="wsdl"/>
  <service name="requestreplySocket" ui:wsdlLocation="requestreplySocket.wsdl">
    <interface.wsdl interface="http://xmlns.oracle.com/pcbpel/adapter/socket/JsonExample/HelloWorldBPEL/requestreplySocket#wsdl.interface(InboundRequestReply_ptt)"/>
    <binding.jca config="requestreplySocket_tcp.jca"/>
  </service>
  <component name="HelloWorldJsonBPEL" version="2.0">
    <implementation.bpel src="HelloWorldJsonBPEL.bpel"/>
    <property name="bpel.config.transaction" type="xs:string" many="false">required</property>
  </component>
  <reference name="JsonXML" ui:wsdlLocation="JsonXmlPort.wsdl">
    <interface.wsdl interface="http://util.soa.testapp.ms/#wsdl.interface(JsonXml)"/>
    <binding.ws port="http://util.soa.testapp.ms/#wsdl.endpoint(JsonXmlService/JsonXmlPort)"
                location="JsonXmlPort.wsdl" soapVersion="1.1">
      <property name="weblogic.wsee.wsat.transaction.flowOption"
                type="xs:string" many="false">WSDLDriven</property>
    </binding.ws>
  </reference>
  <wire>
    <source.uri>requestreplySocket</source.uri>
    <target.uri>HelloWorldJsonBPEL/requestreplySocket</target.uri>
  </wire>
  <wire>
    <source.uri>HelloWorldJsonBPEL/JsonXML</source.uri>
    <target.uri>JsonXML</target.uri>
  </wire>
</composite>
