<?xml version="1.0" encoding="UTF-8" ?>
<!-- Generated by Oracle SOA Modeler version 1.0 at [8/10/12 10:51 AM]. -->
<composite name="HelloWorldCaller"
           revision="1.0"
           label="2012-08-10_10-51-17_553"
           mode="active"
           state="on"
           xmlns="http://xmlns.oracle.com/sca/1.0"
           xmlns:xs="http://www.w3.org/2001/XMLSchema"
           xmlns:wsp="http://schemas.xmlsoap.org/ws/2004/09/policy"
           xmlns:orawsp="http://schemas.oracle.com/ws/2006/01/policy"
           xmlns:ui="http://xmlns.oracle.com/soa/designer/">
  <import namespace="http://xmlns.oracle.com/TestApp/HelloWorldCaller/HelloWorldCaller"
          location="HelloWorldCaller.wsdl" importType="wsdl"/>
  <import namespace="http://testapp.ms/"
          location="http://soabpm-vm:7001/TestApp-HelloWorld-context-root/SimpleWSPort?wsdl"
          importType="wsdl"/>
  <import namespace="http://testapp.ms/" location="SimpleWSServiceWrapper.wsdl"
          importType="wsdl"/>
  <service name="helloworldcaller_client_ep"
           ui:wsdlLocation="HelloWorldCaller.wsdl">
    <interface.wsdl interface="http://xmlns.oracle.com/TestApp/HelloWorldCaller/HelloWorldCaller#wsdl.interface(HelloWorldCaller)"/>
    <binding.ws port="http://xmlns.oracle.com/TestApp/HelloWorldCaller/HelloWorldCaller#wsdl.endpoint(helloworldcaller_client_ep/HelloWorldCaller_pt)"/>
  </service>
  <component name="HelloWorldCaller" version="2.0">
    <implementation.bpel src="HelloWorldCaller.bpel"/>
    <property name="bpel.config.transaction" type="xs:string" many="false">required</property>
  </component>
  <reference name="HelloWoreld_WS"
             ui:wsdlLocation="http://soabpm-vm:7001/TestApp-HelloWorld-context-root/SimpleWSPort?wsdl">
    <interface.wsdl interface="http://testapp.ms/#wsdl.interface(SimpleWS)"/>
    <binding.ws port="http://testapp.ms/#wsdl.endpoint(SimpleWSService/SimpleWSPort)"
                location="http://soabpm-vm:7001/TestApp-HelloWorld-context-root/SimpleWSPort?wsdl"
                soapVersion="1.1">
      <property name="weblogic.wsee.wsat.transaction.flowOption"
                type="xs:string" many="false">WSDLDriven</property>
    </binding.ws>
  </reference>
  <wire>
    <source.uri>helloworldcaller_client_ep</source.uri>
    <target.uri>HelloWorldCaller/helloworldcaller_client</target.uri>
  </wire>
  <wire>
    <source.uri>HelloWorldCaller/HelloWoreld_WS</source.uri>
    <target.uri>HelloWoreld_WS</target.uri>
  </wire>
</composite>
