<?xml version="1.0" encoding="UTF-8" ?>
<!-- Generated by Oracle SOA Modeler version 11.1.1.7.0 at [2/21/14 2:47 PM]. -->
<composite name="clientB"
           revision="1.0"
           label="2014-02-21_14-47-41_582"
           mode="active"
           state="on"
           xmlns="http://xmlns.oracle.com/sca/1.0"
           xmlns:xs="http://www.w3.org/2001/XMLSchema"
           xmlns:wsp="http://schemas.xmlsoap.org/ws/2004/09/policy"
           xmlns:orawsp="http://schemas.oracle.com/ws/2006/01/policy"
           xmlns:ui="http://xmlns.oracle.com/soa/designer/">
  <import namespace="http://xmlns.oracle.com/pcbpel/adapter/jms/JMSTest/clientB/clientBJMS"
          location="clientBJMS.wsdl" importType="wsdl"/>
  <service name="clientBJMS" ui:wsdlLocation="clientBJMS.wsdl">
    <interface.wsdl interface="http://xmlns.oracle.com/pcbpel/adapter/jms/JMSTest/clientB/clientBJMS#wsdl.interface(Consume_Message_ptt)"/>
    <binding.jca config="clientBJMS_jms.jca"/>
  </service>
  <property name="productVersion" type="xs:string" many="false">11.1.1.7.0</property>
  <component name="clientBBPEL" version="2.0">
    <implementation.bpel src="clientBBPEL.bpel"/>
    <property name="bpel.config.transaction" type="xs:string" many="false">required</property>
    <property name="bpel.config.oneWayDeliveryPolicy" type="xs:string"
              many="false">sync</property>
  </component>
  <wire>
    <source.uri>clientBJMS</source.uri>
    <target.uri>clientBBPEL/clientBJMS</target.uri>
  </wire>
</composite>
