<?xml version="1.0" encoding="UTF-8" ?>
<!-- Generated by Oracle SOA Modeler version 1.0 at [3/27/12 6:12 PM]. -->
<composite name="ReadOpaqueWriteXML"
           revision="1.0"
           label="2012-03-27_18-12-50_118"
           mode="active"
           state="on"
           xmlns="http://xmlns.oracle.com/sca/1.0"
           xmlns:xs="http://www.w3.org/2001/XMLSchema"
           xmlns:wsp="http://schemas.xmlsoap.org/ws/2004/09/policy"
           xmlns:orawsp="http://schemas.oracle.com/ws/2006/01/policy"
           xmlns:ui="http://xmlns.oracle.com/soa/designer/">
  <import namespace="http://xmlns.oracle.com/pcbpel/adapter/file/DemoReadFile/ReadOpaqueWriteXML/read_opaque_FILE"
          location="read_opaque_FILE.wsdl" importType="wsdl"/>
  <import namespace="http://myfilereader.smeets.nl/"
          location="IparsefileWrapper.wsdl" importType="wsdl"/>
  <import namespace="http://xmlns.oracle.com/pcbpel/adapter/file/DemoReadFile/ReadOpaqueWriteXML/write_xml_FILE"
          location="write_xml_FILE.wsdl" importType="wsdl"/>
  <service name="read_opaque_FILE" ui:wsdlLocation="read_opaque_FILE.wsdl">
    <interface.wsdl interface="http://xmlns.oracle.com/pcbpel/adapter/file/DemoReadFile/ReadOpaqueWriteXML/read_opaque_FILE#wsdl.interface(Read_ptt)"/>
    <binding.jca config="read_opaque_FILE_file.jca"/>
    <property name="READ_FILE_DIR" type="xs:string" many="false" override="may"></property>
  </service>
  <component name="ParseFileSPRING">
    <implementation.spring src="ParseFileBean.xml"/>
  </component>
  <component name="ReadOpaqueWriteXML" version="2.0">
    <implementation.bpel src="ReadOpaqueWriteXML.bpel"/>
  </component>
  <reference name="write_xml_FILE" ui:wsdlLocation="write_xml_FILE.wsdl">
    <interface.wsdl interface="http://xmlns.oracle.com/pcbpel/adapter/file/DemoReadFile/ReadOpaqueWriteXML/write_xml_FILE#wsdl.interface(Write_ptt)"/>
    <binding.jca config="write_xml_FILE_file.jca"/>
    <property name="WRITE_FILE_DIR" type="xs:string" many="false"
              override="may"></property>
  </reference>
  <wire>
    <source.uri>read_opaque_FILE</source.uri>
    <target.uri>ReadOpaqueWriteXML/read_opaque_FILE</target.uri>
  </wire>
  <wire>
    <source.uri>ReadOpaqueWriteXML/ParseFileSPRING.ParseFileBeanService</source.uri>
    <target.uri>ParseFileSPRING/ParseFileBeanService</target.uri>
  </wire>
  <wire>
    <source.uri>ReadOpaqueWriteXML/write_xml_FILE</source.uri>
    <target.uri>write_xml_FILE</target.uri>
  </wire>
</composite>
