<?xml version="1.0" encoding="UTF-8"?>
<SOAConfigPlan xmlns:jca="http://platform.integration.oracle/blocks/adapter/fw/metadata" xmlns:wsp="http://schemas.xmlsoap.org/ws/2004/09/policy" xmlns:orawsp="http://schemas.oracle.com/ws/2006/01/policy" xmlns:edl="http://schemas.oracle.com/events/edl" xmlns="http://schemas.oracle.com/soa/configplan">
   <composite name="ReadOpaqueWriteXML">
      <!--Add search and replace rules for the import section of a composite
	Example:
	<searchReplace>
		<search>http://my-dev-server</search>
		<replace>http://my-test-server</replace>
	<searchReplace>
	<searchReplace>
		<search>8888</search>
		<replace>8889</replace>
	<searchReplace>-->
      <import>
         <searchReplace>
            <search/>
            <replace/>
         </searchReplace>
      </import>
      <!--Add search and replace rules for the service properties-->
      <service name="read_opaque_FILE">
         <property name="READ_FILE_DIR">
            <replace>/u01/tst</replace>
         </property>
         <binding type="jca"/>
      </service>
      <!--Add search and replace rules for the component properties
	For components and service/reference bindings, you can add policy references.
	Example:
	<component name="*">
		<wsp:PolicyReference orawsp:category="management" orawsp:status="enabled" URI="oracle/log_policy"/>
	</component>-->
      <!--Add search and replace rules for the reference properties
	Example:
	<searchReplace>
		<search>http://my-dev-server</search>
		<replace>http://my-test-server</replace>
	<searchReplace>
	<searchReplace>
		<search>8888
		<replace>8889</replace>
	<searchReplace>
	or provide a new replace value like:
	<replace>http://my-new-server:8889/myservice</replace>-->
      <reference name="write_xml_FILE">
         <property name="WRITE_FILE_DIR">
            <replace>/u01/tst</replace>
         </property>
         <binding type="jca"/>
      </reference>
   </composite>
   <!--To configure monitor.config: 
	<property name="enabled"><replace>true</replace></property>
	<property name="dataObjectsFolder"><searchReplace><search>mydev</search><replace>myproduction</replace></searchReplace></property>
	
	sample properties to configure for file/ftp adapter: 
	<jca:property name="PhysicalDirectory"><replace>c:\temp</replace></jca:property>
	<jca:property name="DeleteFile"><replace>true</replace></jca:property>
	<jca:property name="PollingFrequency"><replace>3</replace></jca:property>
	
	To add search and replace rules for wsdls, xsd and jca files
	Example:
	<searchReplace>
		<search>http://my-dev-server</search>
		<replace>http://my-test-server</replace>
	<searchReplace>
	<searchReplace>
		<search>8888</search>
		<replace>8889</replace>
	<searchReplace>
	-->
   <wsdlAndSchema name="Iparsefile.wsdl|IparsefileWrapper.wsdl|read_opaque_FILE.wsdl|read_opaque_FILE_file.jca|write_xml_FILE.wsdl|write_xml_FILE_file.jca|xsd/ReadOpaqueWriteXML.xsd">
      <searchReplace>
         <search/>
         <replace/>
      </searchReplace>
   </wsdlAndSchema>
</SOAConfigPlan>
