<?xml version="1.0" encoding="UTF-8" ?>
<!-- Generated by Oracle SOA Modeler version 11.1.1.7.0 at [2/23/14 2:45 PM]. -->
<composite name="problemService"
           revision="1.0"
           label="2014-02-23_14-45-15_038"
           mode="active"
           state="on"
           xmlns="http://xmlns.oracle.com/sca/1.0"
           xmlns:xs="http://www.w3.org/2001/XMLSchema"
           xmlns:wsp="http://schemas.xmlsoap.org/ws/2004/09/policy"
           xmlns:orawsp="http://schemas.oracle.com/ws/2006/01/policy"
           xmlns:ui="http://xmlns.oracle.com/soa/designer/">
  <import namespace="http://xmlns.oracle.com/JMSTest/problemService/problemServiceBPEL"
          location="problemServiceBPEL.wsdl" importType="wsdl"/>
  <service name="problemservicebpel_client_ep"
           ui:wsdlLocation="problemServiceBPEL.wsdl">
    <interface.wsdl interface="http://xmlns.oracle.com/JMSTest/problemService/problemServiceBPEL#wsdl.interface(problemServiceBPEL)"/>
    <binding.ws port="http://xmlns.oracle.com/JMSTest/problemService/problemServiceBPEL#wsdl.endpoint(problemservicebpel_client_ep/problemServiceBPEL_pt)"/>
  </service>
  <property name="productVersion" type="xs:string" many="false">11.1.1.7.0</property>
  <component name="problemServiceBPEL" version="2.0">
    <implementation.bpel src="problemServiceBPEL.bpel"/>
    <property name="bpel.config.transaction" type="xs:string" many="false">required</property>
    <property name="bpel.config.oneWayDeliveryPolicy" type="xs:string"
              many="false">async.persist</property>
  </component>
  <wire>
    <source.uri>problemservicebpel_client_ep</source.uri>
    <target.uri>problemServiceBPEL/problemservicebpel_client</target.uri>
  </wire>
</composite>
