<?xml version="1.0" encoding="UTF-8" ?>
<!-- Generated by Oracle SOA Modeler version 11.1.1.7.0 at [2/21/14 2:42 PM]. -->
<composite name="clientA"
           revision="1.0"
           label="2014-02-21_14-42-16_689"
           mode="active"
           state="on"
           xmlns="http://xmlns.oracle.com/sca/1.0"
           xmlns:xs="http://www.w3.org/2001/XMLSchema"
           xmlns:wsp="http://schemas.xmlsoap.org/ws/2004/09/policy"
           xmlns:orawsp="http://schemas.oracle.com/ws/2006/01/policy"
           xmlns:ui="http://xmlns.oracle.com/soa/designer/">
  <import namespace="http://xmlns.oracle.com/pcbpel/adapter/jms/JMSTest/clientA/clientAJMS"
          location="clientAJMS.wsdl" importType="wsdl"/>
  <import namespace="http://xmlns.oracle.com/JMSTest/problemService/problemServiceBPEL"
          location="http://localhost:8001/soa-infra/services/default/problemService/problemServiceBPEL.wsdl"
          importType="wsdl"/>
  <import namespace="http://xmlns.oracle.com/pcbpel/adapter/jms/JMSTest/clientA/clientAerrorJMS"
          location="clientAerrorJMS.wsdl" importType="wsdl"/>
  <service name="clientAJMS" ui:wsdlLocation="clientAJMS.wsdl">
    <interface.wsdl interface="http://xmlns.oracle.com/pcbpel/adapter/jms/JMSTest/clientA/clientAJMS#wsdl.interface(Consume_Message_ptt)"/>
    <binding.jca config="clientAJMS_jms.jca"/>
  </service>
  <property name="productVersion" type="xs:string" many="false">11.1.1.7.0</property>
  <component name="clientABPEL" version="2.0">
    <implementation.bpel src="clientABPEL.bpel"/>
    <property name="bpel.config.transaction" type="xs:string" many="false">required</property>
    <property name="bpel.config.oneWayDeliveryPolicy" type="xs:string"
              many="false">sync</property>
  </component>
  <reference name="problemServiceWS"
             ui:wsdlLocation="http://localhost:8001/soa-infra/services/default/problemService/problemServiceBPEL.wsdl">
    <interface.wsdl interface="http://xmlns.oracle.com/JMSTest/problemService/problemServiceBPEL#wsdl.interface(problemServiceBPEL)"/>
    <binding.ws port="http://xmlns.oracle.com/JMSTest/problemService/problemServiceBPEL#wsdl.endpoint(problemservicebpel_client_ep/problemServiceBPEL_pt)"
                location="http://localhost:8001/soa-infra/services/default/problemService/problemservicebpel_client_ep?WSDL"
                soapVersion="1.1">
      <property name="weblogic.wsee.wsat.transaction.flowOption"
                type="xs:string" many="false">WSDLDriven</property>
    </binding.ws>
  </reference>
  <reference name="clientAerrorJMS" ui:wsdlLocation="clientAerrorJMS.wsdl">
    <interface.wsdl interface="http://xmlns.oracle.com/pcbpel/adapter/jms/JMSTest/clientA/clientAerrorJMS#wsdl.interface(Produce_Message_ptt)"/>
    <binding.jca config="clientAerrorJMS_jms.jca"/>
  </reference>
  <wire>
    <source.uri>clientAJMS</source.uri>
    <target.uri>clientABPEL/clientAJMS</target.uri>
  </wire>
  <wire>
    <source.uri>clientABPEL/problemServiceWS</source.uri>
    <target.uri>problemServiceWS</target.uri>
  </wire>
  <wire>
    <source.uri>clientABPEL/clientAerrorJMS</source.uri>
    <target.uri>clientAerrorJMS</target.uri>
  </wire>
</composite>
