<?xml version="1.0" encoding="UTF-8"?>
<faultPolicies xmlns="http://schemas.oracle.com/bpel/faultpolicy"
               xmlns:xsi="http://www.w3.org/2001/XMLSchema-instance">
  <faultPolicy version="2.1.3" id="ConnectionFaults">
    <Conditions>
<!--      <faultName xmlns:bpelx="http://schemas.oracle.com/bpel/extension"
                 name="bpelx:remoteFault">
        <condition>
          <action ref="ora-retry"/>
        </condition>
      </faultName>-->
      <faultName xmlns:bpelx="http://schemas.oracle.com/bpel/extension"
                 name="bpelx:bindingFault">
        <condition>
        <!-- existing state of package body has been discarded -->
        <test>$fault.code="4068"</test>
          <action ref="ora-retry"/>
        </condition>
      </faultName>
      <!-- in all other cases -->
       <faultName>
        <condition>
          <action ref="retireProcess"/>
        </condition>
      </faultName>
    </Conditions>
    <Actions>
      <Action id="retireProcess">
        <javaAction className="ms.test.RetireFaultHandler"
                    defaultAction="ora-rethrow-fault">
          <returnValue value="OK" ref="ora-rethrow-fault"/>
        </javaAction>
      </Action>
      <Action id="ora-retry">
        <retry>
          <retryCount>3</retryCount>
          <retryInterval>10</retryInterval>
          <exponentialBackoff/>        
          <retryFailureAction ref="retireProcess"/>
        </retry>
      </Action>
      <Action id="ora-terminate">
        <abort/>
      </Action>
      <Action id="ora-replay-scope">
        <replayScope/>
      </Action>
      <Action id="ora-rethrow-fault">
        <rethrowFault/>
      </Action>
      <Action id="ora-human-intervention">
        <humanIntervention/>
      </Action>
    </Actions>
  </faultPolicy>
</faultPolicies>