<?xml version="1.0" encoding="UTF-8" ?>
<!-- Generated by Oracle SOA Modeler version 12.1.3.0.0 at [8/30/15 4:47 PM]. -->
<composite name="SampleCase"
           revision="1.1"
           label="2015-08-30_16-47-42_800"
           mode="active"
           state="on"
           xmlns="http://xmlns.oracle.com/sca/1.0"
           xmlns:xs="http://www.w3.org/2001/XMLSchema"
           xmlns:wsp="http://schemas.xmlsoap.org/ws/2004/09/policy"
           xmlns:orawsp="http://schemas.oracle.com/ws/2006/01/policy"
           xmlns:ui="http://xmlns.oracle.com/soa/designer/"
           xmlns:sca-ext="http://xmlns.oracle.com/sca/1.0-ext">
  <import namespace="http://xmlns.oracle.com/CaseService" location="oramds:/soa/shared/casemgmt/CaseService.wsdl"
          importType="wsdl"/>
  <import namespace="http://xmlns.oracle.com/bpm/case/caseDecision/SampleCaseRules_SampleCaseRules"
          location="WSDLs/SampleCaseRules_SampleCaseRules.wsdl" importType="wsdl"/>
  <import namespace="http://xmlns.oracle.com/bpmn/bpmnProcess/IdentifyUserProcess"
          location="WSDLs/IdentifyUserProcess.wsdl" importType="wsdl"/>
  <import namespace="http://xmlns.oracle.com/bpmn/bpmnProcess/ConfirmUserCreditProcess"
          location="WSDLs/ConfirmUserCreditProcess.wsdl" importType="wsdl"/>
  <service name="SampleCase.service" ui:wsdlLocation="oramds:/soa/shared/casemgmt/CaseService.wsdl">
    <interface.wsdl interface="http://xmlns.oracle.com/CaseService#wsdl.interface(CaseServicePortType)"/>
    <binding.ws port="http://xmlns.oracle.com/CaseService#wsdl.endpoint(SampleCase.service/CaseServicePort)"/>
  </service>
  <service name="IdentifyUserProcess.service" ui:wsdlLocation="WSDLs/IdentifyUserProcess.wsdl">
    <interface.wsdl interface="http://xmlns.oracle.com/bpmn/bpmnProcess/IdentifyUserProcess#wsdl.interface(IdentifyUserProcessPortType)"
                    callbackInterface="http://xmlns.oracle.com/bpmn/bpmnProcess/IdentifyUserProcess#wsdl.interface(IdentifyUserProcessPortTypeCallBack)"/>
    <binding.ws port="http://xmlns.oracle.com/bpmn/bpmnProcess/IdentifyUserProcess#wsdl.endpoint(IdentifyUserProcess.service/IdentifyUserProcessPort)"/>
    <callback>
      <binding.ws port="http://xmlns.oracle.com/bpmn/bpmnProcess/IdentifyUserProcess#wsdl.endpoint(IdentifyUserProcess.service/IdentifyUserProcessPortTypeCallBack_pt)"/>
    </callback>
  </service>
  <service name="ConfirmUserCreditProcess.service" ui:wsdlLocation="WSDLs/ConfirmUserCreditProcess.wsdl">
    <interface.wsdl interface="http://xmlns.oracle.com/bpmn/bpmnProcess/ConfirmUserCreditProcess#wsdl.interface(ConfirmUserCreditProcessPortType)"
                    callbackInterface="http://xmlns.oracle.com/bpmn/bpmnProcess/ConfirmUserCreditProcess#wsdl.interface(ConfirmUserCreditProcessPortTypeCallBack)"/>
    <binding.ws port="http://xmlns.oracle.com/bpmn/bpmnProcess/ConfirmUserCreditProcess#wsdl.endpoint(ConfirmUserCreditProcess.service/ConfirmUserCreditProcessPort)"/>
    <callback>
      <binding.ws port="http://xmlns.oracle.com/bpmn/bpmnProcess/ConfirmUserCreditProcess#wsdl.endpoint(ConfirmUserCreditProcess.service/ConfirmUserCreditProcessPortTypeCallBack_pt)"/>
    </callback>
  </service>
  <property name="productVersion" type="xs:string" many="false">12.1.3.0.0</property>
  <property name="compositeID" type="xs:string" many="false">51a06b6c-1969-4a6c-a5cc-b15eb7a28471</property>
  <component name="SampleCase">
    <implementation.casemanagement src="case/SampleCase.case"/>
    <componentType>
      <service name="SampleCase.service" ui:wsdlLocation="oramds:/soa/shared/casemgmt/CaseService.wsdl">
        <interface.wsdl interface="http://xmlns.oracle.com/CaseService#wsdl.interface(CaseServicePortType)"/>
      </service>
      <reference name="SampleCaseRules_SampleCaseRules" ui:wsdlLocation="WSDLs/SampleCaseRules_SampleCaseRules.wsdl">
        <interface.wsdl interface="http://xmlns.oracle.com/bpm/case/caseDecision/SampleCaseRules_SampleCaseRules#wsdl.interface(IDecisionService)"
                        callbackInterface="http://xmlns.oracle.com/bpm/case/caseDecision/SampleCaseRules_SampleCaseRules#wsdl.interface(IDecisionService)"/>
      </reference>
      <reference name="IdentifyUserProcess.service.reference" ui:wsdlLocation="WSDLs/IdentifyUserProcess.wsdl">
        <interface.wsdl interface="http://xmlns.oracle.com/bpmn/bpmnProcess/IdentifyUserProcess#wsdl.interface(IdentifyUserProcessPortType)"
                        callbackInterface="http://xmlns.oracle.com/bpmn/bpmnProcess/IdentifyUserProcess#wsdl.interface(IdentifyUserProcessPortTypeCallBack)"/>
      </reference>
      <reference name="ConfirmUserCreditProcess.service.reference"
                 ui:wsdlLocation="WSDLs/ConfirmUserCreditProcess.wsdl">
        <interface.wsdl interface="http://xmlns.oracle.com/bpmn/bpmnProcess/ConfirmUserCreditProcess#wsdl.interface(ConfirmUserCreditProcessPortType)"
                        callbackInterface="http://xmlns.oracle.com/bpmn/bpmnProcess/ConfirmUserCreditProcess#wsdl.interface(ConfirmUserCreditProcessPortTypeCallBack)"/>
      </reference>
    </componentType>
  </component>
  <component name="SampleCaseRules">
    <implementation.decision src="SampleCaseRules.decs"/>
    <componentType>
      <service name="SampleCaseRules_SampleCaseRules" ui:wsdlLocation="WSDLs/SampleCaseRules_SampleCaseRules.wsdl">
        <interface.wsdl interface="http://xmlns.oracle.com/bpm/case/caseDecision/SampleCaseRules_SampleCaseRules#wsdl.interface(IDecisionService)"/>
      </service>
    </componentType>
  </component>
  <component name="IdentifyUserProcess">
    <implementation.bpmn src="processes/IdentifyUserProcess.bpmn"/>
    <componentType>
      <service name="IdentifyUserProcess.service" ui:wsdlLocation="WSDLs/IdentifyUserProcess.wsdl">
        <interface.wsdl interface="http://xmlns.oracle.com/bpmn/bpmnProcess/IdentifyUserProcess#wsdl.interface(IdentifyUserProcessPortType)"
                        callbackInterface="http://xmlns.oracle.com/bpmn/bpmnProcess/IdentifyUserProcess#wsdl.interface(IdentifyUserProcessPortTypeCallBack)"/>
        <property name="bpm.generated.service.reference" type="xs:string" many="false">IdentifyUserProcess.service</property>
      </service>
    </componentType>
  </component>
  <component name="ConfirmUserCreditProcess">
    <implementation.bpmn src="processes/ConfirmUserCreditProcess.bpmn"/>
    <componentType>
      <service name="ConfirmUserCreditProcess.service" ui:wsdlLocation="WSDLs/ConfirmUserCreditProcess.wsdl">
        <interface.wsdl interface="http://xmlns.oracle.com/bpmn/bpmnProcess/ConfirmUserCreditProcess#wsdl.interface(ConfirmUserCreditProcessPortType)"
                        callbackInterface="http://xmlns.oracle.com/bpmn/bpmnProcess/ConfirmUserCreditProcess#wsdl.interface(ConfirmUserCreditProcessPortTypeCallBack)"/>
        <property name="bpm.generated.service.reference" type="xs:string" many="false">ConfirmUserCreditProcess.service</property>
      </service>
    </componentType>
  </component>
  <wire>
    <source.uri>SampleCase.service</source.uri>
    <target.uri>SampleCase/SampleCase.service</target.uri>
  </wire>
  <wire>
    <source.uri>SampleCase/SampleCaseRules_SampleCaseRules</source.uri>
    <target.uri>SampleCaseRules/SampleCaseRules_SampleCaseRules</target.uri>
  </wire>
  <wire>
    <source.uri>IdentifyUserProcess.service</source.uri>
    <target.uri>IdentifyUserProcess/IdentifyUserProcess.service</target.uri>
  </wire>
  <wire>
    <source.uri>SampleCase/IdentifyUserProcess.service.reference</source.uri>
    <target.uri>IdentifyUserProcess/IdentifyUserProcess.service</target.uri>
  </wire>
  <wire>
    <source.uri>ConfirmUserCreditProcess.service</source.uri>
    <target.uri>ConfirmUserCreditProcess/ConfirmUserCreditProcess.service</target.uri>
  </wire>
  <wire>
    <source.uri>SampleCase/ConfirmUserCreditProcess.service.reference</source.uri>
    <target.uri>ConfirmUserCreditProcess/ConfirmUserCreditProcess.service</target.uri>
  </wire>
</composite>
