<?xml version="1.0" encoding="UTF-8" standalone="yes"?>
<?oracleBPM version="12.1.3.0.0.00.00" fileRevision="20120601"?>
<processDocumentation xmlns="http://xmlns.oracle.com/bpm/taskMetadataService/processDocumentation">
   <component name="ConfirmUserCreditProcess">
      <topicDocumentations>
         <topicDocumentation name="ConfirmUserCreditProcess"/>
         <topicDocumentation name="EVT13935426062375">
            <labels>
               <label locale="en">Start</label>
            </labels>
         </topicDocumentation>
         <topicDocumentation name="EVT13935426062340">
            <labels>
               <label locale="en">End</label>
            </labels>
         </topicDocumentation>
         <topicDocumentation name="sf13935426062456"/>
      </topicDocumentations>
   </component>
</processDocumentation>