<?xml version="1.0" encoding="UTF-8" standalone="yes"?>
<?oracleBPM version="12.1.3.0.0.00.00" fileRevision="20120601"?>
<processDocumentation xmlns="http://xmlns.oracle.com/bpm/taskMetadataService/processDocumentation">
   <component name="IdentifyUserProcess">
      <topicDocumentations>
         <topicDocumentation name="IdentifyUserProcess"/>
         <topicDocumentation name="EVT13935392041197">
            <labels>
               <label locale="en">Start</label>
            </labels>
         </topicDocumentation>
         <topicDocumentation name="EVT13935392041185">
            <labels>
               <label locale="en">End</label>
            </labels>
            <descriptions>
               <description locale="en"></description>
            </descriptions>
         </topicDocumentation>
         <topicDocumentation name="sf13935392041159"/>
      </topicDocumentations>
   </component>
</processDocumentation>