<?xml version="1.0" encoding="UTF-8"?>
<soa-xpath-functions
 xmlns="http://xmlns.oracle.com/soa/config/xpath"
 xmlns:cx="http://www.minez.nl/xml/schema/egeo/utils">
  <function name="cx:JsonXPath">
    <className>ms.testapp.JsonXPath</className>
    <return type="string"/>
    <params>
      <param name="jsonstring" type="string"/>
      <param name="jsonpath" type="string"/>
    </params>
    <desc>This function allows JsonPath queries to be executes</desc>
    <detail>The function has two parameters; jsonstring and jsonpath. See for more information on JsonPath; http://code.google.com/p/json-path/</detail>
    <group>Custom XPath functions</group>
  </function>
</soa-xpath-functions>