<?xml version="1.0" encoding="UTF-8" ?>
<!-- Generated by Oracle SOA Modeler version 1.0 at [5/17/12 11:47 AM]. -->
<composite name="HandleException"
           revision="1.0"
           label="2012-05-17_11-47-59_954"
           mode="active"
           state="on"
           xmlns="http://xmlns.oracle.com/sca/1.0"
           xmlns:xs="http://www.w3.org/2001/XMLSchema"
           xmlns:wsp="http://schemas.xmlsoap.org/ws/2004/09/policy"
           xmlns:orawsp="http://schemas.oracle.com/ws/2006/01/policy"
           xmlns:ui="http://xmlns.oracle.com/soa/designer/">
  <import namespace="http://xmlns.oracle.com/pcbpel/adapter/AQ/TestExceptionHandling/HandleException/sourcequeueAQ"
          location="sourcequeueAQ.wsdl" importType="wsdl"/>
  <import namespace="http://xmlns.oracle.com/pcbpel/adapter/AQ/TestExceptionHandling/HandleException/targetqueueAQ"
          location="targetqueueAQ.wsdl" importType="wsdl"/>
  <service name="sourcequeueAQ" ui:wsdlLocation="sourcequeueAQ.wsdl">
    <interface.wsdl interface="http://xmlns.oracle.com/pcbpel/adapter/AQ/TestExceptionHandling/HandleException/sourcequeueAQ#wsdl.interface(Dequeue_ptt)"/>
    <binding.jca config="sourcequeueAQ_aq.jca"/>
  </service>
  <component name="ForwardItemCollectionBPEL" version="2.0">
    <implementation.bpel src="ForwardItemCollectionBPEL.bpel"/>
    <property name="bpel.config.transaction" type="xs:string" many="false">required</property>
    <property name="bpel.config.oneWayDeliveryPolicy" type="xs:string"
              many="false">sync</property>
  </component>
  <reference name="targetqueueAQ" ui:wsdlLocation="targetqueueAQ.wsdl">
    <interface.wsdl interface="http://xmlns.oracle.com/pcbpel/adapter/AQ/TestExceptionHandling/HandleException/targetqueueAQ#wsdl.interface(Enqueue_ptt)"/>
    <binding.jca config="targetqueueAQ_aq.jca"/>
  </reference>
  <wire>
    <source.uri>sourcequeueAQ</source.uri>
    <target.uri>ForwardItemCollectionBPEL/sourcequeueAQ</target.uri>
  </wire>
  <wire>
    <source.uri>ForwardItemCollectionBPEL/targetqueueAQ</source.uri>
    <target.uri>targetqueueAQ</target.uri>
  </wire>
</composite>
