<?xml version="1.0" encoding="UTF-8" ?>
<!-- Generated by Oracle SOA Modeler version 1.0 at [3/3/12 2:09 PM]. -->
<composite name="TestXSLT"
           revision="1.0"
           label="2012-03-03_14-09-38_202"
           mode="active"
           state="on"
           xmlns="http://xmlns.oracle.com/sca/1.0"
           xmlns:xs="http://www.w3.org/2001/XMLSchema"
           xmlns:wsp="http://schemas.xmlsoap.org/ws/2004/09/policy"
           xmlns:orawsp="http://schemas.oracle.com/ws/2006/01/policy"
           xmlns:ui="http://xmlns.oracle.com/soa/designer/">
  <import namespace="http://xmlns.oracle.com/TestXSLT/TestXSLT/TestXSLT11"
          location="TestXSLT11.wsdl" importType="wsdl"/>
  <import namespace="http://xmlns.oracle.com/TestXSLT/TestXSLT/TestXSLT20"
          location="TestXSLT20.wsdl" importType="wsdl"/>
  <service name="testxslt11_client_ep" ui:wsdlLocation="TestXSLT11.wsdl">
    <interface.wsdl interface="http://xmlns.oracle.com/TestXSLT/TestXSLT/TestXSLT11#wsdl.interface(TestXSLT11)"/>
    <binding.ws port="http://xmlns.oracle.com/TestXSLT/TestXSLT/TestXSLT11#wsdl.endpoint(testxslt11_client_ep/TestXSLT11_pt)"/>
  </service>
  <service name="testxslt20_client_ep" ui:wsdlLocation="TestXSLT20.wsdl">
    <interface.wsdl interface="http://xmlns.oracle.com/TestXSLT/TestXSLT/TestXSLT20#wsdl.interface(TestXSLT20)"/>
    <binding.ws port="http://xmlns.oracle.com/TestXSLT/TestXSLT/TestXSLT20#wsdl.endpoint(testxslt20_client_ep/TestXSLT20_pt)"/>
  </service>
  <component name="TestXSLT11" version="1.1">
    <implementation.bpel src="TestXSLT11.bpel"/>
    <property name="bpel.config.transaction" type="xs:string" many="false">required</property>
  </component>
  <component name="TestXSLT20" version="2.0">
    <implementation.bpel src="TestXSLT20.bpel"/>
    <property name="bpel.config.transaction" type="xs:string" many="false">required</property>
  </component>
  <wire>
    <source.uri>testxslt11_client_ep</source.uri>
    <target.uri>TestXSLT11/testxslt11_client</target.uri>
  </wire>
  <wire>
    <source.uri>testxslt20_client_ep</source.uri>
    <target.uri>TestXSLT20/testxslt20_client</target.uri>
  </wire>
</composite>
