<?xml version="1.0" encoding="UTF-8" ?>
<!-- Generated by Oracle SOA Modeler version 1.0 at [6/12/13 7:32 AM]. -->
<composite name="HelloWorldWS"
           revision="1.0"
           label="2013-06-12_07-32-17_556"
           mode="active"
           state="on"
           xmlns="http://xmlns.oracle.com/sca/1.0"
           xmlns:xs="http://www.w3.org/2001/XMLSchema"
           xmlns:wsp="http://schemas.xmlsoap.org/ws/2004/09/policy"
           xmlns:orawsp="http://schemas.oracle.com/ws/2006/01/policy"
           xmlns:ui="http://xmlns.oracle.com/soa/designer/">
  <import namespace="http://xmlns.oracle.com/TestJavaEmbedding/HelloWorldWS/HelloWorld"
          location="HelloWorld.wsdl" importType="wsdl"/>
  <import namespace="http://testapp.ms/"
          location="http://soabpm-vm:7001/JsonPathUtils/JsonPathUtilsPort?wsdl"
          importType="wsdl"/>
  <import namespace="http://testapp.ms/"
          location="JsonPathUtilsServiceWrapper.wsdl" importType="wsdl"/>
  <service name="helloworld_client_ep" ui:wsdlLocation="HelloWorld.wsdl">
    <interface.wsdl interface="http://xmlns.oracle.com/TestJavaEmbedding/HelloWorldWS/HelloWorld#wsdl.interface(HelloWorld)"/>
    <binding.ws port="http://xmlns.oracle.com/TestJavaEmbedding/HelloWorldWS/HelloWorld#wsdl.endpoint(helloworld_client_ep/HelloWorld_pt)"/>
  </service>
  <component name="HelloWorld" version="2.0">
    <implementation.bpel src="HelloWorld.bpel"/>
    <property name="bpel.config.transaction" type="xs:string" many="false">required</property>
  </component>
  <reference name="JsonPathUtils"
             ui:wsdlLocation="http://soabpm-vm:7001/JsonPathUtils/JsonPathUtilsPort?wsdl">
    <interface.wsdl interface="http://testapp.ms/#wsdl.interface(JsonPathUtils)"/>
    <binding.ws port="http://testapp.ms/#wsdl.endpoint(JsonPathUtilsService/JsonPathUtilsPort)"
                location="http://soabpm-vm:7001/JsonPathUtils/JsonPathUtilsPort?wsdl"
                soapVersion="1.1">
      <property name="weblogic.wsee.wsat.transaction.flowOption"
                type="xs:string" many="false">WSDLDriven</property>
    </binding.ws>
  </reference>
  <wire>
    <source.uri>helloworld_client_ep</source.uri>
    <target.uri>HelloWorld/helloworld_client</target.uri>
  </wire>
  <wire>
    <source.uri>HelloWorld/JsonPathUtils</source.uri>
    <target.uri>JsonPathUtils</target.uri>
  </wire>
</composite>
