<?xml version="1.0" encoding="UTF-8" ?>
<!-- Generated by Oracle SOA Modeler version 1.0 at [2/1/13 9:40 AM]. -->
<composite name="HelloWorld"
           revision="1.0"
           label="2013-02-01_09-40-58_368"
           mode="active"
           state="on"
           xmlns="http://xmlns.oracle.com/sca/1.0"
           xmlns:xs="http://www.w3.org/2001/XMLSchema"
           xmlns:wsp="http://schemas.xmlsoap.org/ws/2004/09/policy"
           xmlns:orawsp="http://schemas.oracle.com/ws/2006/01/policy"
           xmlns:ui="http://xmlns.oracle.com/soa/designer/">
  <import namespace="http://xmlns.oracle.com/pcbpel/adapter/AQ/HelloWorld/HelloWorld/StartHelloWorldAQ"
          location="StartHelloWorldAQ.wsdl" importType="wsdl"/>
  <import namespace="http://xmlns.oracle.com/pcbpel/adapter/db/HelloWorld/HelloWorld/StartProcessDb"
          location="StartProcessDb.wsdl" importType="wsdl"/>
  <import namespace="http://xmlns.oracle.com/pcbpel/adapter/db/HelloWorld/HelloWorld/StopProcessDb"
          location="StopProcessDb.wsdl" importType="wsdl"/>
  <service name="StartHelloWorldAQ" ui:wsdlLocation="StartHelloWorldAQ.wsdl">
    <interface.wsdl interface="http://xmlns.oracle.com/pcbpel/adapter/AQ/HelloWorld/HelloWorld/StartHelloWorldAQ#wsdl.interface(Dequeue_ptt)"/>
    <binding.jca config="StartHelloWorldAQ_aq.jca"/>
  </service>
  <component name="HelloWorld" version="2.0">
    <implementation.bpel src="HelloWorld.bpel"/>
    <property name="bpel.config.transaction" type="xs:string" many="false">required</property>
  </component>
  <reference name="StartProcessDb" ui:wsdlLocation="StartProcessDb.wsdl">
    <interface.wsdl interface="http://xmlns.oracle.com/pcbpel/adapter/db/HelloWorld/HelloWorld/StartProcessDb#wsdl.interface(StartProcessDb_ptt)"/>
    <binding.jca config="StartProcessDb_db.jca"/>
    <property name="jca.retry.count" type="xs:int" many="false" override="may">4</property>
    <property name="jca.retry.interval" type="xs:int" many="false"
              override="may">1</property>
    <property name="jca.retry.backoff" type="xs:int" many="false"
              override="may">2</property>
    <property name="jca.retry.maxInterval" type="xs:string" many="false"
              override="may">120</property>
  </reference>
  <reference name="StopProcessDb" ui:wsdlLocation="StopProcessDb.wsdl">
    <interface.wsdl interface="http://xmlns.oracle.com/pcbpel/adapter/db/HelloWorld/HelloWorld/StopProcessDb#wsdl.interface(StopProcessDb_ptt)"/>
    <binding.jca config="StopProcessDb_db.jca"/>
    <property name="jca.retry.count" type="xs:int" many="false" override="may">4</property>
    <property name="jca.retry.interval" type="xs:int" many="false"
              override="may">1</property>
    <property name="jca.retry.backoff" type="xs:int" many="false"
              override="may">2</property>
    <property name="jca.retry.maxInterval" type="xs:string" many="false"
              override="may">120</property>
  </reference>
  <wire>
    <source.uri>StartHelloWorldAQ</source.uri>
    <target.uri>HelloWorld/StartHelloWorldAQ</target.uri>
  </wire>
  <wire>
    <source.uri>HelloWorld/StartProcessDb</source.uri>
    <target.uri>StartProcessDb</target.uri>
  </wire>
  <wire>
    <source.uri>HelloWorld/StopProcessDb</source.uri>
    <target.uri>StopProcessDb</target.uri>
  </wire>
</composite>
