<?xml version="1.0" encoding="UTF-8" ?>
<!-- Generated by Oracle SOA Modeler version 1.0 at [6/21/12 12:55 PM]. -->
<composite name="HelloWorldTest"
           revision="1.0"
           label="2012-06-21_12-55-54_324"
           mode="active"
           state="on"
           xmlns="http://xmlns.oracle.com/sca/1.0"
           xmlns:xs="http://www.w3.org/2001/XMLSchema"
           xmlns:wsp="http://schemas.xmlsoap.org/ws/2004/09/policy"
           xmlns:orawsp="http://schemas.oracle.com/ws/2006/01/policy"
           xmlns:ui="http://xmlns.oracle.com/soa/designer/">
  <import namespace="http://xmlns.oracle.com/HelloWorldTest/HelloWorldTest/HelloWorld"
          location="HelloWorld.wsdl" importType="wsdl"/>
  <service name="helloworld_client_ep" ui:wsdlLocation="HelloWorld.wsdl">
    <interface.wsdl interface="http://xmlns.oracle.com/HelloWorldTest/HelloWorldTest/HelloWorld#wsdl.interface(HelloWorld)"/>
    <binding.ws port="http://xmlns.oracle.com/HelloWorldTest/HelloWorldTest/HelloWorld#wsdl.endpoint(helloworld_client_ep/HelloWorld_pt)"/>
  </service>
  <component name="HelloWorld" version="2.0">
    <implementation.bpel src="HelloWorld.bpel"/>
  </component>
  <wire>
    <source.uri>helloworld_client_ep</source.uri>
    <target.uri>HelloWorld/helloworld_client</target.uri>
  </wire>
</composite>
