<?xml version="1.0" encoding="UTF-8" ?>
<!-- Generated by Oracle SOA Modeler version 11.1.1.7.0 at [2/19/14 1:46 PM]. -->
<composite name="JMSProject"
           revision="1.0"
           label="2014-02-19_13-46-00_798"
           mode="active"
           state="on"
           xmlns="http://xmlns.oracle.com/sca/1.0"
           xmlns:xs="http://www.w3.org/2001/XMLSchema"
           xmlns:wsp="http://schemas.xmlsoap.org/ws/2004/09/policy"
           xmlns:orawsp="http://schemas.oracle.com/ws/2006/01/policy"
           xmlns:ui="http://xmlns.oracle.com/soa/designer/">
  <import namespace="http://xmlns.oracle.com/pcbpel/adapter/jms/JMSTest/JMSProject/WriteJMS"
          location="WriteJMS.wsdl" importType="wsdl"/>
  <import namespace="http://xmlns.oracle.com/JMSTest/JMSProject/ProduceMessageBPEL"
          location="ProduceMessageBPEL.wsdl" importType="wsdl"/>
  <service name="producemessagebpel_client_ep"
           ui:wsdlLocation="ProduceMessageBPEL.wsdl">
    <interface.wsdl interface="http://xmlns.oracle.com/JMSTest/JMSProject/ProduceMessageBPEL#wsdl.interface(ProduceMessageBPEL)"/>
    <binding.ws port="http://xmlns.oracle.com/JMSTest/JMSProject/ProduceMessageBPEL#wsdl.endpoint(producemessagebpel_client_ep/ProduceMessageBPEL_pt)"/>
  </service>
  <property name="productVersion" type="xs:string" many="false">11.1.1.7.0</property>
  <component name="ProduceMessageBPEL" version="2.0">
    <implementation.bpel src="ProduceMessageBPEL.bpel"/>
    <property name="bpel.config.oneWayDeliveryPolicy" type="xs:string"
              many="false">async.persist</property>
  </component>
  <reference name="WriteJMS" ui:wsdlLocation="WriteJMS.wsdl">
    <interface.wsdl interface="http://xmlns.oracle.com/pcbpel/adapter/jms/JMSTest/JMSProject/WriteJMS#wsdl.interface(Produce_Message_ptt)"/>
    <binding.jca config="WriteJMS_jms.jca"/>
  </reference>
  <wire>
    <source.uri>producemessagebpel_client_ep</source.uri>
    <target.uri>ProduceMessageBPEL/producemessagebpel_client</target.uri>
  </wire>
  <wire>
    <source.uri>ProduceMessageBPEL/WriteJMS</source.uri>
    <target.uri>WriteJMS</target.uri>
  </wire>
</composite>
