<?xml version="1.0" encoding="UTF-8" ?>
<!-- Generated by Oracle SOA Modeler version 1.0 at [8/10/12 9:54 AM]. -->
<composite name="HelloWorldAsync"
           revision="1.0"
           label="2012-08-10_09-54-03_346"
           mode="active"
           state="on"
           xmlns="http://xmlns.oracle.com/sca/1.0"
           xmlns:xs="http://www.w3.org/2001/XMLSchema"
           xmlns:wsp="http://schemas.xmlsoap.org/ws/2004/09/policy"
           xmlns:orawsp="http://schemas.oracle.com/ws/2006/01/policy"
           xmlns:ui="http://xmlns.oracle.com/soa/designer/">
  <import namespace="http://xmlns.oracle.com/TestApp/HelloWorldAsync/HelloWorldAsync_BPEL"
          location="HelloWorldAsync_BPEL.wsdl" importType="wsdl"/>
  <service name="helloworldasync_bpel_client_ep"
           ui:wsdlLocation="HelloWorldAsync_BPEL.wsdl">
    <interface.wsdl interface="http://xmlns.oracle.com/TestApp/HelloWorldAsync/HelloWorldAsync_BPEL#wsdl.interface(HelloWorldAsync_BPEL)"
                    callbackInterface="http://xmlns.oracle.com/TestApp/HelloWorldAsync/HelloWorldAsync_BPEL#wsdl.interface(HelloWorldAsync_BPELCallback)"/>
    <binding.ws port="http://xmlns.oracle.com/TestApp/HelloWorldAsync/HelloWorldAsync_BPEL#wsdl.endpoint(helloworldasync_bpel_client_ep/HelloWorldAsync_BPEL_pt)"/>
    <callback>
      <binding.ws port="http://xmlns.oracle.com/TestApp/HelloWorldAsync/HelloWorldAsync_BPEL#wsdl.endpoint(helloworldasync_bpel_client_ep/HelloWorldAsync_BPELCallback_pt)"/>
    </callback>
  </service>
  <component name="HelloWorldAsync_BPEL" version="2.0">
    <implementation.bpel src="HelloWorldAsync_BPEL.bpel"/>
    <property name="bpel.config.oneWayDeliveryPolicy" type="xs:string"
              many="false">async.persist</property>
  </component>
  <wire>
    <source.uri>helloworldasync_bpel_client_ep</source.uri>
    <target.uri>HelloWorldAsync_BPEL/helloworldasync_bpel_client</target.uri>
  </wire>
</composite>
