<?xml version="1.0" encoding="UTF-8" ?>
<!-- Generated by Oracle SOA Modeler version 1.0 at [7/8/12 3:42 PM]. -->
<composite name="NativeSequenceTest"
           revision="1.0"
           label="2012-07-08_15-42-19_549"
           mode="active"
           state="on"
           xmlns="http://xmlns.oracle.com/sca/1.0"
           xmlns:xs="http://www.w3.org/2001/XMLSchema"
           xmlns:wsp="http://schemas.xmlsoap.org/ws/2004/09/policy"
           xmlns:orawsp="http://schemas.oracle.com/ws/2006/01/policy"
           xmlns:ui="http://xmlns.oracle.com/soa/designer/">
  <import namespace="http://xmlns.oracle.com/TestSequencing/NativeSequenceTest/NativeSequenceTest_BPEL"
          location="NativeSequenceTest_BPEL.wsdl" importType="wsdl"/>
  <import namespace="http://xmlns.oracle.com/pcbpel/adapter/db/TestSequencing/NativeSequenceTest/insert_DB"
          location="insert_DB.wsdl" importType="wsdl"/>
  <service name="nativesequencetest_bpel_client_ep"
           ui:wsdlLocation="NativeSequenceTest_BPEL.wsdl">
    <interface.wsdl interface="http://xmlns.oracle.com/TestSequencing/NativeSequenceTest/NativeSequenceTest_BPEL#wsdl.interface(NativeSequenceTest_BPEL)"/>
    <binding.ws port="http://xmlns.oracle.com/TestSequencing/NativeSequenceTest/NativeSequenceTest_BPEL#wsdl.endpoint(nativesequencetest_bpel_client_ep/NativeSequenceTest_BPEL_pt)"/>
  </service>
  <component name="NativeSequenceTest_BPEL" version="2.0">
    <implementation.bpel src="NativeSequenceTest_BPEL.bpel"/>
    <property name="bpel.config.transaction" type="xs:string" many="false">required</property>
  </component>
  <reference name="insert_DB" ui:wsdlLocation="insert_DB.wsdl">
    <interface.wsdl interface="http://xmlns.oracle.com/pcbpel/adapter/db/TestSequencing/NativeSequenceTest/insert_DB#wsdl.interface(insert_DB_ptt)"/>
    <binding.jca config="insert_DB_db.jca"/>
    <property name="jca.retry.count" type="xs:int" many="false" override="may">4</property>
    <property name="jca.retry.interval" type="xs:int" many="false"
              override="may">1</property>
    <property name="jca.retry.backoff" type="xs:int" many="false"
              override="may">2</property>
    <property name="jca.retry.maxInterval" type="xs:string" many="false"
              override="may">120</property>
  </reference>
  <wire>
    <source.uri>nativesequencetest_bpel_client_ep</source.uri>
    <target.uri>NativeSequenceTest_BPEL/nativesequencetest_bpel_client</target.uri>
  </wire>
  <wire>
    <source.uri>NativeSequenceTest_BPEL/insert_DB</source.uri>
    <target.uri>insert_DB</target.uri>
  </wire>
</composite>
