<?xml version = '1.0' encoding = 'UTF-8'?>
<!DOCTYPE properties SYSTEM "http://java.sun.com/dtd/properties.dtd">
<properties>
   <entry key="TESTTEXT.TEXT:db_column_size">256</entry>
   <entry key="TESTTEXT.ID:db_column_type">NUMBER</entry>
   <entry key="TESTTEXT.TEXT:db_column_not_null">false</entry>
   <entry key="TESTTEXT:db_table_type">TABLE</entry>
   <entry key="TESTTEXT.ID:db_column_precision">0</entry>
   <entry key="TESTTEXT.ID:db_column_not_null">true</entry>
   <entry key="root_descriptor_alias">TESTTEXT</entry>
   <entry key="TESTTEXT.TEXT:db_column_type">VARCHAR2</entry>
   <entry key="TESTTEXT:db_column_1">TEXT</entry>
   <entry key="TESTTEXT:db_column_0">ID</entry>
</properties>