<?xml version = '1.0' encoding = 'UTF-8'?>
<Faults>
   <Fault>
      <severity>warning</severity>
      <loc/>
      <line>88</line>
      <col/>
      <file>HelloWorld.bpel</file>
      <name>HelloWorld.bpel</name>
      <fix>Add a predicate to select an element from the sequence.</fix>
      <msg>The XPath segment "child::ns4:itemsCollection" selects a sequence of elements - a predicate MAY be needed to correctly select an element.</msg>
   </Fault>
   <Fault>
      <severity>warning</severity>
      <loc/>
      <line>88</line>
      <col/>
      <file>HelloWorld.bpel</file>
      <name>HelloWorld.bpel</name>
      <fix>Add a predicate to select an element from the sequence.</fix>
      <msg>The XPath segment "child::ns4:item" selects a sequence of elements - a predicate MAY be needed to correctly select an element.</msg>
   </Fault>
   <Fault>
      <severity>warning</severity>
      <loc/>
      <line>102</line>
      <col/>
      <file>HelloWorld.bpel</file>
      <name>HelloWorld.bpel</name>
      <fix>Add a predicate to select an element from the sequence.</fix>
      <msg>The XPath segment "child::ns4:itemsCollection" selects a sequence of elements - a predicate MAY be needed to correctly select an element.</msg>
   </Fault>
   <Fault>
      <severity>warning</severity>
      <loc/>
      <line>102</line>
      <col/>
      <file>HelloWorld.bpel</file>
      <name>HelloWorld.bpel</name>
      <fix>Add a predicate to select an element from the sequence.</fix>
      <msg>The XPath segment "child::ns4:item" selects a sequence of elements - a predicate MAY be needed to correctly select an element.</msg>
   </Fault>
</Faults>
