<assembly xmlns="http://maven.apache.org/plugins/maven-assembly-plugin/assembly/1.1.2"
    xmlns:xsi="http://www.w3.org/2001/XMLSchema-instance"
    xsi:schemaLocation="http://maven.apache.org/plugins/maven-assembly-plugin/assembly/1.1.2 http://maven.apache.org/xsd/assembly-1.1.2.xsd">
  <id>distribution</id>
  <formats>
    <format>zip</format>
  </formats>
  <fileSets>
<fileSet>
  <directory>src/shellscripts</directory>
  <outputDirectory>shellscripts</outputDirectory>
  <includes>
    <include>*</include>
  </includes>
 </fileSet>
  </fileSets>
</assembly>
