<?xml version="1.0" encoding="UTF-8" ?>
<!-- Generated by Oracle SOA Modeler version 1.0 at [11/9/12 2:30 PM]. -->
<composite name="DetermineServerStatusCp"
           revision="1.0"
           label="2012-11-09_14-30-48_946"
           mode="active"
           state="on"
           xmlns="http://xmlns.oracle.com/sca/1.0"
           xmlns:xs="http://www.w3.org/2001/XMLSchema"
           xmlns:wsp="http://schemas.xmlsoap.org/ws/2004/09/policy"
           xmlns:orawsp="http://schemas.oracle.com/ws/2006/01/policy"
           xmlns:ui="http://xmlns.oracle.com/soa/designer/">
  <import namespace="http://xmlns.oracle.com/DetermineServerStatus/DetermineServerStatusCp/DetermineServerStatusBPEL"
          location="DetermineServerStatusBPEL.wsdl" importType="wsdl"/>
  <service name="determineserverstatusbpel_client_ep"
           ui:wsdlLocation="DetermineServerStatusBPEL.wsdl">
    <interface.wsdl interface="http://xmlns.oracle.com/DetermineServerStatus/DetermineServerStatusCp/DetermineServerStatusBPEL#wsdl.interface(DetermineServerStatusBPEL)"/>
    <binding.ws port="http://xmlns.oracle.com/DetermineServerStatus/DetermineServerStatusCp/DetermineServerStatusBPEL#wsdl.endpoint(determineserverstatusbpel_client_ep/DetermineServerStatusBPEL_pt)"/>
  </service>
  <component name="DetermineServerStatusBPEL" version="2.0">
    <implementation.bpel src="DetermineServerStatusBPEL.bpel"/>
    <property name="bpel.config.transaction" type="xs:string" many="false">required</property>
  </component>
  <wire>
    <source.uri>determineserverstatusbpel_client_ep</source.uri>
    <target.uri>DetermineServerStatusBPEL/determineserverstatusbpel_client</target.uri>
  </wire>
</composite>
