<?xml version="1.0" encoding="UTF-8" ?>
<!-- Generated by Oracle SOA Modeler version 1.0 at [2/23/12 8:47 AM]. -->
<composite name="FilePollingTest"
           revision="1.0"
           label="2012-02-23_08-47-16_153"
           mode="active"
           state="on"
           xmlns="http://xmlns.oracle.com/sca/1.0"
           xmlns:xs="http://www.w3.org/2001/XMLSchema"
           xmlns:wsp="http://schemas.xmlsoap.org/ws/2004/09/policy"
           xmlns:orawsp="http://schemas.oracle.com/ws/2006/01/policy"
           xmlns:ui="http://xmlns.oracle.com/soa/designer/">
  <import namespace="http://xmlns.oracle.com/pcbpel/adapter/file/FilePollingTest/FilePollingTest/Poll_file_FILE"
          location="Poll_file_FILE.wsdl" importType="wsdl"/>
  <service name="Poll_file_FILE" ui:wsdlLocation="Poll_file_FILE.wsdl">
    <interface.wsdl interface="http://xmlns.oracle.com/pcbpel/adapter/file/FilePollingTest/FilePollingTest/Poll_file_FILE#wsdl.interface(Read_ptt)"/>
    <binding.jca config="Poll_file_FILE_file.jca"/>
    <property name="ARCHIVE_FILE_PATH" type="xs:string" many="false"
              override="may">/home/oracle</property>
    <property name="READ_FILE_PATH" type="xs:string" many="false"
              override="may">/home/oracle</property>
  </service>
</composite>
