<?xml version="1.0" encoding="UTF-8" ?>
<!-- Generated by Oracle SOA Modeler version 11.1.1.7.0 at [2/23/14 3:26 PM]. -->
<composite name="clientAhandleError"
           revision="1.0"
           label="2014-02-23_15-26-53_426"
           mode="active"
           state="on"
           xmlns="http://xmlns.oracle.com/sca/1.0"
           xmlns:xs="http://www.w3.org/2001/XMLSchema"
           xmlns:wsp="http://schemas.xmlsoap.org/ws/2004/09/policy"
           xmlns:orawsp="http://schemas.oracle.com/ws/2006/01/policy"
           xmlns:ui="http://xmlns.oracle.com/soa/designer/">
  <import namespace="http://xmlns.oracle.com/pcbpel/adapter/jms/JMSTest/clientAhandleError/clientAerrorJMS"
          location="clientAerrorJMS.wsdl" importType="wsdl"/>
  <import namespace="http://xmlns.oracle.com/pcbpel/adapter/jms/JMSTest/clientAhandleError/clientAJMS"
          location="clientAJMS.wsdl" importType="wsdl"/>
  <service name="clientAerrorJMS" ui:wsdlLocation="clientAerrorJMS.wsdl">
    <interface.wsdl interface="http://xmlns.oracle.com/pcbpel/adapter/jms/JMSTest/clientAhandleError/clientAerrorJMS#wsdl.interface(Consume_Message_ptt)"/>
    <binding.jca config="clientAerrorJMS_jms.jca"/>
  </service>
  <property name="productVersion" type="xs:string" many="false">11.1.1.7.0</property>
  <component name="clientAhandleErrorBPEL" version="2.0">
    <implementation.bpel src="clientAhandleErrorBPEL.bpel"/>
    <property name="bpel.config.transaction" type="xs:string" many="false">required</property>
    <property name="bpel.config.oneWayDeliveryPolicy" type="xs:string"
              many="false">sync</property>
  </component>
  <reference name="clientAJMS" ui:wsdlLocation="clientAJMS.wsdl">
    <interface.wsdl interface="http://xmlns.oracle.com/pcbpel/adapter/jms/JMSTest/clientAhandleError/clientAJMS#wsdl.interface(Produce_Message_ptt)"/>
    <binding.jca config="clientAJMS_jms.jca"/>
  </reference>
  <wire>
    <source.uri>clientAerrorJMS</source.uri>
    <target.uri>clientAhandleErrorBPEL/clientAerrorJMS</target.uri>
  </wire>
  <wire>
    <source.uri>clientAhandleErrorBPEL/clientAJMS</source.uri>
    <target.uri>clientAJMS</target.uri>
  </wire>
</composite>
