<?xml version = '1.0' encoding = 'UTF-8'?>
<Faults>
   <Fault>
      <severity>warning</severity>
      <loc>/ns:composite/ns:reference[@name='HelloWorld']</loc>
      <line>31</line>
      <col>72</col>
      <file>D:\dev\HelloWorld\CallHelloWorld\composite.xml</file>
      <name>D:\dev\HelloWorld\CallHelloWorld\composite.xml</name>
      <fix/>
      <msg>Failed to Find Binding "HelloWorld":"{http://xmlns.oracle.com/HelloWorld/HelloWorld/HelloWorld}HelloWorld_pt" in WSDL Manager</msg>
   </Fault>
   <Fault>
      <severity>warning</severity>
      <loc>/ns:composite/ns:reference[@name='HelloWorld']</loc>
      <line>31</line>
      <col>72</col>
      <file>D:\dev\HelloWorld\CallHelloWorld\composite.xml</file>
      <name>D:\dev\HelloWorld\CallHelloWorld\composite.xml</name>
      <fix/>
      <msg>Failed to Find Binding "HelloWorld":"{http://xmlns.oracle.com/HelloWorld/HelloWorld/HelloWorld}HelloWorld_pt" in WSDL Manager</msg>
   </Fault>
</Faults>
