<?xml version="1.0" encoding="UTF-8" ?>
<!-- Generated by Oracle SOA Modeler version 1.0 at [5/3/12 6:31 PM]. -->
<composite name="ErrorQueueTest"
           revision="1.0"
           label="2012-05-03_18-31-36_277"
           mode="active"
           state="on"
           xmlns="http://xmlns.oracle.com/sca/1.0"
           xmlns:xs="http://www.w3.org/2001/XMLSchema"
           xmlns:wsp="http://schemas.xmlsoap.org/ws/2004/09/policy"
           xmlns:orawsp="http://schemas.oracle.com/ws/2006/01/policy"
           xmlns:ui="http://xmlns.oracle.com/soa/designer/">
  <import namespace="http://xmlns.oracle.com/pcbpel/adapter/db/ExceptionDemo/ErrorQueueTest/getsystimestampDB"
          location="getsystimestampDB.wsdl" importType="wsdl"/>
  <import namespace="http://xmlns.oracle.com/pcbpel/adapter/AQ/ExceptionDemo/ErrorQueueTest/produceToErrorQueue"
          location="produceToErrorQueue.wsdl" importType="wsdl"/>
  <import namespace="http://xmlns.oracle.com/pcbpel/adapter/AQ/ExceptionDemo/ErrorQueueTest/produceToTargetQueueAQ"
          location="produceToTargetQueueAQ.wsdl" importType="wsdl"/>
  <import namespace="http://xmlns.oracle.com/pcbpel/adapter/AQ/ExceptionDemo/ErrorQueueTest/receiveFromSourceQueueAQ"
          location="receiveFromSourceQueueAQ.wsdl" importType="wsdl"/>
  <service name="receiveFromSourceQueueAQ"
           ui:wsdlLocation="receiveFromSourceQueueAQ.wsdl">
    <interface.wsdl interface="http://xmlns.oracle.com/pcbpel/adapter/AQ/ExceptionDemo/ErrorQueueTest/receiveFromSourceQueueAQ#wsdl.interface(Dequeue_ptt)"/>
    <binding.jca config="receiveFromSourceQueueAQ_aq.jca"/>
  </service>
  <component name="GetDateBPEL" version="2.0">
    <implementation.bpel src="GetDateBPEL.bpel"/>
    <property name="bpel.config.oneWayDeliveryPolicy" type="xs:string"
              many="false">async.persist</property>
  </component>
  <reference name="getsystimestampDB" ui:wsdlLocation="getsystimestampDB.wsdl">
    <interface.wsdl interface="http://xmlns.oracle.com/pcbpel/adapter/db/ExceptionDemo/ErrorQueueTest/getsystimestampDB#wsdl.interface(getsystimestampDB_ptt)"/>
    <binding.jca config="getsystimestampDB_db.jca"/>
    <property name="jca.retry.count" type="xs:int" many="false" override="may">4</property>
    <property name="jca.retry.interval" type="xs:int" many="false"
              override="may">1</property>
    <property name="jca.retry.backoff" type="xs:int" many="false"
              override="may">2</property>
    <property name="jca.retry.maxInterval" type="xs:string" many="false"
              override="may">120</property>
  </reference>
  <reference name="produceToErrorQueue"
             ui:wsdlLocation="produceToErrorQueue.wsdl">
    <interface.wsdl interface="http://xmlns.oracle.com/pcbpel/adapter/AQ/ExceptionDemo/ErrorQueueTest/produceToErrorQueue#wsdl.interface(Enqueue_ptt)"/>
    <binding.jca config="produceToErrorQueue_aq.jca"/>
  </reference>
  <reference name="produceToTargetQueueAQ"
             ui:wsdlLocation="produceToTargetQueueAQ.wsdl">
    <interface.wsdl interface="http://xmlns.oracle.com/pcbpel/adapter/AQ/ExceptionDemo/ErrorQueueTest/produceToTargetQueueAQ#wsdl.interface(Enqueue_ptt)"/>
    <binding.jca config="produceToTargetQueueAQ_aq.jca"/>
  </reference>
  <wire>
    <source.uri>receiveFromSourceQueueAQ</source.uri>
    <target.uri>GetDateBPEL/receiveFromSourceQueueAQ</target.uri>
  </wire>
  <wire>
    <source.uri>GetDateBPEL/produceToTargetQueueAQ</source.uri>
    <target.uri>produceToTargetQueueAQ</target.uri>
  </wire>
  <wire>
    <source.uri>GetDateBPEL/getsystimestampDB</source.uri>
    <target.uri>getsystimestampDB</target.uri>
  </wire>
  <wire>
    <source.uri>GetDateBPEL/produceToErrorQueue</source.uri>
    <target.uri>produceToErrorQueue</target.uri>
  </wire>
</composite>
